n_estimators,learning_rate,num_leaves,feature_fraction,bagging_fraction,max_depth,reg_alpha,reg_lambda,Modelo,Metodo,ETF,date
103,0.04870794480979821,34,0.7033343762178389,0.7249825250641683,12,0.11650554397581095,1.2847809028939268,LGBMR,5,XLE,2018-12-31
104,0.012700134664868717,50,0.7976363177399064,0.7461220471687389,17,0.49987123493222196,1.4984940864200467,LGBMR,5,XLB,2018-12-31
237,0.028487238592124955,36,0.7389663746174958,0.6604864534487672,19,0.30518560807663825,1.160181877273859,LGBMR,5,XLE,2018-12-31
140,0.06989366827080137,31,0.7289249163053624,0.7933902567604625,10,0.4984514855138245,1.189636418129535,LGBMR,5,XLB,2018-12-31
146,0.07407679701465002,40,0.7167673077016647,0.6359851242415614,13,0.45041352838099946,1.3105240451474542,LGBMR,5,XLI,2018-12-31
243,0.05347001241279697,40,0.7708333232222909,0.7847252583804888,20,0.48562573450643176,1.367501566434635,LGBMR,5,XLI,2018-12-31
123,0.07279996633101776,45,0.646078019845843,0.7712440112929329,15,0.2973144688903438,1.0226507707276928,LGBMR,5,XLE,2018-12-31
150,0.06129486187194642,31,0.681198453342382,0.6617675382046101,12,0.44722111356622096,1.3643670740451046,LGBMR,5,XLK,2018-12-31
100,0.0978183349882484,34,0.6856117693848055,0.7824707894856039,17,0.4702249980395526,1.4034377515602712,LGBMR,5,XLF,2018-12-31
298,0.08375388764691505,31,0.6523230697748388,0.6995984028896464,12,0.4663366862378516,1.0194802647393961,LGBMR,5,XLK,2018-12-31
50,10,2,3,log2,RFR,5,XLE,2018-12-31
105,21,2,2,sqrt,RFR,5,XLE,2018-12-31
153,15,3,1,log2,RFR,5,XLB,2018-12-31
106,18,6,2,sqrt,RFR,5,XLK,2018-12-31
52,30,4,1,sqrt,RFR,5,XLB,2018-12-31
67,11,4,2,log2,RFR,5,XLF,2018-12-31
121,10,2,2,log2,RFR,5,XLI,2018-12-31
67,10,2,2,log2,RFR,5,XLE,2018-12-31
146,14,6,2,log2,RFR,5,XLK,2018-12-31
106,30,4,2,log2,RFR,5,XLF,2018-12-31
125,10,5,2,log2,RFR,5,XLI,2018-12-31
113,27,5,1,log2,RFR,5,XLB,2018-12-31
109,26,2,3,sqrt,RFR,5,XLI,2018-12-31
160,16,2,2,log2,RFR,5,XLP,2018-12-31
68,11,3,2,sqrt,RFR,5,XLF,2018-12-31
102,21,4,3,log2,RFR,5,XLK,2018-12-31
197,25,2,2,sqrt,RFR,5,XLP,2018-12-31
68,12,2,1,sqrt,RFR,5,XLY,2018-12-31
104,20,3,3,log2,RFR,5,XLV,2018-12-31
155,23,2,1,log2,RFR,5,XLY,2018-12-31
164,20,2,2,log2,RFR,5,XLV,2018-12-31
52,30,3,2,log2,RFR,5,XLP,2018-12-31
145,26,6,3,sqrt,RFR,5,XLU,2018-12-31
161,11,2,1,sqrt,RFR,5,XLU,2018-12-31
76,19,3,3,sqrt,RFR,5,XLV,2018-12-31
95,30,4,2,log2,RFR,5,VOX,2018-12-31
101,26,4,3,log2,RFR,5,XLY,2018-12-31
200,30,5,3,log2,RFR,5,IYR,2018-12-31
54,28,2,2,log2,RFR,5,VOX,2018-12-31
144,14,6,3,log2,RFR,5,IYR,2018-12-31
164,25,3,3,sqrt,RFR,5,XLU,2018-12-31
99,23,5,3,log2,RFR,5,IYR,2018-12-31
50,13,2,1,sqrt,RFR,5,SPY,2018-12-31
84,15,6,1,sqrt,RFR,5,SPY,2018-12-31
101,27,6,3,log2,RFR,5,VOX,2018-12-31
61,21,5,2,sqrt,RFR,5,SPY,2018-12-31
51,30,4,3,log2,RFR,5,XLE,2019-01-31
77,14,5,2,sqrt,RFR,5,XLB,2019-01-31
129,28,6,1,sqrt,RFR,5,XLB,2019-01-31
64,14,3,3,log2,RFR,5,XLK,2019-01-31
102,14,2,3,sqrt,RFR,5,XLI,2019-01-31
200,22,3,2,sqrt,RFR,5,XLE,2019-01-31
83,11,5,3,log2,RFR,5,XLF,2019-01-31
197,10,5,2,log2,RFR,5,XLI,2019-01-31
74,16,3,3,sqrt,RFR,5,XLF,2019-01-31
162,14,5,3,log2,RFR,5,XLK,2019-01-31
105,25,4,3,log2,RFR,5,XLE,2019-01-31
144,19,2,3,log2,RFR,5,XLB,2019-01-31
200,30,6,2,sqrt,RFR,5,XLP,2019-01-31
194,10,6,3,sqrt,RFR,5,XLI,2019-01-31
160,13,6,3,log2,RFR,5,XLF,2019-01-31
173,13,3,3,sqrt,RFR,5,XLK,2019-01-31
199,30,2,2,log2,RFR,5,XLP,2019-01-31
144,14,3,2,log2,RFR,5,XLY,2019-01-31
82,17,3,3,sqrt,RFR,5,XLP,2019-01-31
52,27,5,3,sqrt,RFR,5,XLU,2019-01-31
177,26,5,2,log2,RFR,5,XLY,2019-01-31
198,29,2,3,sqrt,RFR,5,XLV,2019-01-31
195,17,2,1,log2,RFR,5,XLU,2019-01-31
200,23,4,3,log2,RFR,5,XLV,2019-01-31
136,15,3,3,sqrt,RFR,5,XLV,2019-01-31
174,28,4,3,sqrt,RFR,5,XLY,2019-01-31
161,21,6,3,log2,RFR,5,IYR,2019-01-31
178,10,5,2,log2,RFR,5,IYR,2019-01-31
86,15,2,2,log2,RFR,5,VOX,2019-01-31
100,29,5,1,log2,RFR,5,VOX,2019-01-31
53,25,2,2,log2,RFR,5,XLU,2019-01-31
52,30,3,2,log2,RFR,5,SPY,2019-01-31
111,13,2,3,sqrt,RFR,5,IYR,2019-01-31
199,13,3,1,sqrt,RFR,5,SPY,2019-01-31
72,19,3,1,sqrt,RFR,5,VOX,2019-01-31
109,14,3,3,log2,RFR,5,SPY,2019-01-31
51,26,3,1,log2,RFR,5,XLB,2019-02-28
88,15,3,2,log2,RFR,5,XLI,2019-02-28
55,15,3,2,sqrt,RFR,5,XLK,2019-02-28
105,30,2,2,log2,RFR,5,XLI,2019-02-28
189,28,4,3,sqrt,RFR,5,XLB,2019-02-28
195,22,5,2,log2,RFR,5,XLE,2019-02-28
200,17,5,1,sqrt,RFR,5,XLE,2019-02-28
74,10,4,1,log2,RFR,5,XLF,2019-02-28
122,27,2,3,log2,RFR,5,XLE,2019-02-28
51,22,3,3,log2,RFR,5,XLP,2019-02-28
126,10,6,3,log2,RFR,5,XLB,2019-02-28
115,10,3,2,log2,RFR,5,XLF,2019-02-28
188,26,6,2,sqrt,RFR,5,XLK,2019-02-28
51,21,5,3,log2,RFR,5,XLK,2019-02-28
114,22,4,3,log2,RFR,5,XLI,2019-02-28
74,15,5,2,sqrt,RFR,5,XLF,2019-02-28
146,30,2,3,sqrt,RFR,5,XLP,2019-02-28
96,15,5,3,sqrt,RFR,5,XLV,2019-02-28
55,26,5,1,log2,RFR,5,XLY,2019-02-28
102,17,3,1,sqrt,RFR,5,XLY,2019-02-28
89,22,6,3,log2,RFR,5,XLV,2019-02-28
198,19,3,3,sqrt,RFR,5,XLY,2019-02-28
72,13,6,3,log2,RFR,5,IYR,2019-02-28
143,15,4,1,sqrt,RFR,5,XLU,2019-02-28
101,13,3,1,log2,RFR,5,VOX,2019-02-28
56,29,4,3,log2,RFR,5,XLV,2019-02-28
171,19,5,1,sqrt,RFR,5,XLP,2019-02-28
185,17,2,1,sqrt,RFR,5,XLU,2019-02-28
199,10,3,3,sqrt,RFR,5,IYR,2019-02-28
54,26,3,3,sqrt,RFR,5,IYR,2019-02-28
104,16,4,3,log2,RFR,5,VOX,2019-02-28
160,16,6,1,log2,RFR,5,XLU,2019-02-28
80,14,6,3,sqrt,RFR,5,SPY,2019-02-28
122,30,2,1,log2,RFR,5,VOX,2019-02-28
84,28,3,1,sqrt,RFR,5,SPY,2019-02-28
141,26,5,3,log2,RFR,5,SPY,2019-02-28
68,10,5,3,log2,RFR,5,XLE,2019-03-31
60,30,3,3,sqrt,RFR,5,XLI,2019-03-31
86,28,5,1,sqrt,RFR,5,XLB,2019-03-31
75,19,5,3,log2,RFR,5,XLI,2019-03-31
122,29,4,1,sqrt,RFR,5,XLE,2019-03-31
50,30,3,3,log2,RFR,5,XLF,2019-03-31
115,26,2,2,sqrt,RFR,5,XLK,2019-03-31
200,14,3,3,log2,RFR,5,XLB,2019-03-31
162,18,3,3,sqrt,RFR,5,XLK,2019-03-31
115,16,2,3,sqrt,RFR,5,XLE,2019-03-31
109,10,5,3,sqrt,RFR,5,XLB,2019-03-31
64,27,5,3,sqrt,RFR,5,XLP,2019-03-31
180,20,5,2,log2,RFR,5,XLF,2019-03-31
52,19,6,2,log2,RFR,5,XLI,2019-03-31
113,21,5,3,sqrt,RFR,5,XLK,2019-03-31
144,26,2,3,log2,RFR,5,XLF,2019-03-31
54,30,2,1,sqrt,RFR,5,XLY,2019-03-31
95,13,3,1,sqrt,RFR,5,XLY,2019-03-31
52,23,5,2,log2,RFR,5,XLV,2019-03-31
72,19,5,1,log2,RFR,5,XLY,2019-03-31
134,10,2,3,log2,RFR,5,XLP,2019-03-31
119,23,6,3,sqrt,RFR,5,XLV,2019-03-31
51,29,2,3,sqrt,RFR,5,XLP,2019-03-31
83,21,3,1,log2,RFR,5,XLU,2019-03-31
64,17,4,2,log2,RFR,5,IYR,2019-03-31
194,25,4,2,log2,RFR,5,XLU,2019-03-31
90,30,2,3,log2,RFR,5,XLV,2019-03-31
112,18,6,2,sqrt,RFR,5,IYR,2019-03-31
124,15,2,3,sqrt,RFR,5,VOX,2019-03-31
53,24,6,1,sqrt,RFR,5,XLU,2019-03-31
77,17,3,2,sqrt,RFR,5,VOX,2019-03-31
59,13,3,3,sqrt,RFR,5,IYR,2019-03-31
134,20,5,1,sqrt,RFR,5,SPY,2019-03-31
50,10,3,3,sqrt,RFR,5,SPY,2019-03-31
111,28,6,1,log2,RFR,5,VOX,2019-03-31
117,30,5,3,sqrt,RFR,5,SPY,2019-03-31
83,18,4,3,sqrt,RFR,5,XLE,2019-04-30
64,16,3,2,sqrt,RFR,5,XLE,2019-04-30
50,25,6,3,sqrt,RFR,5,XLI,2019-04-30
130,10,5,1,log2,RFR,5,XLB,2019-04-30
106,27,3,3,log2,RFR,5,XLI,2019-04-30
117,21,5,1,log2,RFR,5,XLK,2019-04-30
79,30,3,2,log2,RFR,5,XLF,2019-04-30
73,22,3,3,sqrt,RFR,5,XLF,2019-04-30
97,11,4,2,log2,RFR,5,XLK,2019-04-30
200,23,2,2,log2,RFR,5,XLB,2019-04-30
56,24,5,3,sqrt,RFR,5,XLB,2019-04-30
109,14,5,3,sqrt,RFR,5,XLE,2019-04-30
100,12,3,1,log2,RFR,5,XLP,2019-04-30
120,29,2,3,sqrt,RFR,5,XLI,2019-04-30
167,14,6,3,log2,RFR,5,XLF,2019-04-30
177,16,3,3,log2,RFR,5,XLK,2019-04-30
106,26,4,2,log2,RFR,5,XLP,2019-04-30
109,16,5,1,log2,RFR,5,XLY,2019-04-30
73,13,2,3,log2,RFR,5,XLV,2019-04-30
105,20,6,1,log2,RFR,5,XLP,2019-04-30
74,18,2,3,log2,RFR,5,XLU,2019-04-30
86,10,2,1,sqrt,RFR,5,XLY,2019-04-30
60,19,5,3,log2,RFR,5,XLV,2019-04-30
102,25,4,2,log2,RFR,5,IYR,2019-04-30
72,20,5,2,sqrt,RFR,5,IYR,2019-04-30
139,26,5,1,log2,RFR,5,XLU,2019-04-30
54,20,3,3,log2,RFR,5,XLY,2019-04-30
67,20,4,1,log2,RFR,5,XLU,2019-04-30
119,14,6,3,sqrt,RFR,5,XLV,2019-04-30
108,20,4,3,sqrt,RFR,5,VOX,2019-04-30
58,30,2,3,log2,RFR,5,IYR,2019-04-30
160,18,4,1,sqrt,RFR,5,VOX,2019-04-30
128,24,2,1,log2,RFR,5,SPY,2019-04-30
85,20,3,3,sqrt,RFR,5,VOX,2019-04-30
131,26,2,3,sqrt,RFR,5,SPY,2019-04-30
100,13,3,3,sqrt,RFR,5,SPY,2019-04-30
152,20,5,1,log2,RFR,5,XLE,2019-05-31
102,12,3,1,log2,RFR,5,XLB,2019-05-31
152,27,6,3,sqrt,RFR,5,XLE,2019-05-31
84,25,3,3,log2,RFR,5,XLI,2019-05-31
80,19,3,2,sqrt,RFR,5,XLF,2019-05-31
200,18,3,3,log2,RFR,5,XLB,2019-05-31
102,30,4,3,sqrt,RFR,5,XLF,2019-05-31
173,25,3,2,sqrt,RFR,5,XLK,2019-05-31
135,27,2,1,log2,RFR,5,XLK,2019-05-31
200,28,3,3,log2,RFR,5,XLI,2019-05-31
90,17,2,1,log2,RFR,5,XLP,2019-05-31
152,23,2,1,log2,RFR,5,XLB,2019-05-31
175,14,4,3,sqrt,RFR,5,XLE,2019-05-31
132,24,5,3,sqrt,RFR,5,XLK,2019-05-31
170,14,5,3,sqrt,RFR,5,XLI,2019-05-31
160,14,5,2,log2,RFR,5,XLF,2019-05-31
60,16,2,2,log2,RFR,5,XLP,2019-05-31
108,14,3,2,log2,RFR,5,XLY,2019-05-31
50,30,3,3,sqrt,RFR,5,XLV,2019-05-31
53,19,2,3,sqrt,RFR,5,XLV,2019-05-31
141,13,5,2,log2,RFR,5,XLY,2019-05-31
109,15,3,2,log2,RFR,5,XLU,2019-05-31
51,10,6,2,log2,RFR,5,XLU,2019-05-31
116,15,2,3,log2,RFR,5,XLP,2019-05-31
108,17,4,2,log2,RFR,5,IYR,2019-05-31
145,12,6,1,log2,RFR,5,XLY,2019-05-31
67,27,5,3,sqrt,RFR,5,XLU,2019-05-31
98,12,5,3,sqrt,RFR,5,VOX,2019-05-31
200,26,2,2,sqrt,RFR,5,IYR,2019-05-31
159,19,2,2,log2,RFR,5,XLV,2019-05-31
50,11,6,1,log2,RFR,5,SPY,2019-05-31
155,22,5,2,log2,RFR,5,VOX,2019-05-31
199,17,3,3,sqrt,RFR,5,IYR,2019-05-31
171,30,3,2,log2,RFR,5,SPY,2019-05-31
80,16,6,2,log2,RFR,5,SPY,2019-05-31
176,25,2,3,log2,RFR,5,VOX,2019-05-31
86,28,5,2,log2,RFR,5,XLE,2019-06-30
108,11,4,1,sqrt,RFR,5,XLB,2019-06-30
100,22,5,3,log2,RFR,5,XLB,2019-06-30
168,10,3,2,log2,RFR,5,XLE,2019-06-30
88,14,3,1,sqrt,RFR,5,XLK,2019-06-30
103,30,2,1,sqrt,RFR,5,XLK,2019-06-30
178,21,5,3,log2,RFR,5,XLI,2019-06-30
175,17,5,3,sqrt,RFR,5,XLI,2019-06-30
159,28,4,3,log2,RFR,5,XLF,2019-06-30
167,26,2,3,log2,RFR,5,XLF,2019-06-30
200,17,5,3,sqrt,RFR,5,XLE,2019-06-30
167,27,4,1,sqrt,RFR,5,XLP,2019-06-30
74,12,6,3,sqrt,RFR,5,XLF,2019-06-30
111,13,2,3,sqrt,RFR,5,XLK,2019-06-30
200,23,6,3,sqrt,RFR,5,XLB,2019-06-30
171,15,2,3,log2,RFR,5,XLI,2019-06-30
51,25,3,1,sqrt,RFR,5,XLY,2019-06-30
153,16,3,1,log2,RFR,5,XLP,2019-06-30
105,29,6,3,log2,RFR,5,XLY,2019-06-30
51,14,4,1,sqrt,RFR,5,XLV,2019-06-30
127,12,4,2,sqrt,RFR,5,XLV,2019-06-30
135,30,6,3,sqrt,RFR,5,XLP,2019-06-30
64,12,6,2,sqrt,RFR,5,VOX,2019-06-30
53,30,5,2,log2,RFR,5,VOX,2019-06-30
66,26,6,3,log2,RFR,5,IYR,2019-06-30
200,30,6,1,sqrt,RFR,5,XLY,2019-06-30
144,22,5,3,log2,RFR,5,IYR,2019-06-30
200,23,3,2,log2,RFR,5,XLU,2019-06-30
198,20,5,2,sqrt,RFR,5,XLU,2019-06-30
149,13,6,3,log2,RFR,5,XLV,2019-06-30
141,30,4,3,log2,RFR,5,VOX,2019-06-30
184,15,5,3,sqrt,RFR,5,XLU,2019-06-30
148,28,5,2,sqrt,RFR,5,SPY,2019-06-30
198,22,4,2,sqrt,RFR,5,SPY,2019-06-30
199,13,3,3,log2,RFR,5,IYR,2019-06-30
145,30,6,2,sqrt,RFR,5,SPY,2019-06-30
88,25,2,3,log2,RFR,5,XLE,2019-07-31
199,13,6,1,sqrt,RFR,5,XLE,2019-07-31
61,23,2,3,log2,RFR,5,XLI,2019-07-31
88,17,5,3,sqrt,RFR,5,XLB,2019-07-31
137,30,5,3,sqrt,RFR,5,XLB,2019-07-31
96,24,5,1,log2,RFR,5,XLK,2019-07-31
72,15,2,2,log2,RFR,5,XLF,2019-07-31
182,29,3,3,log2,RFR,5,XLI,2019-07-31
99,26,3,3,log2,RFR,5,XLF,2019-07-31
72,14,3,2,log2,RFR,5,XLE,2019-07-31
76,26,3,3,log2,RFR,5,XLP,2019-07-31
163,24,5,1,log2,RFR,5,XLK,2019-07-31
50,26,3,3,sqrt,RFR,5,XLK,2019-07-31
126,21,3,3,sqrt,RFR,5,XLB,2019-07-31
171,18,4,3,log2,RFR,5,XLI,2019-07-31
169,30,5,3,sqrt,RFR,5,XLF,2019-07-31
54,20,4,2,sqrt,RFR,5,XLP,2019-07-31
120,29,6,2,sqrt,RFR,5,XLY,2019-07-31
104,17,5,3,sqrt,RFR,5,XLV,2019-07-31
90,25,5,3,sqrt,RFR,5,XLV,2019-07-31
104,10,3,1,log2,RFR,5,XLU,2019-07-31
90,10,5,2,sqrt,RFR,5,XLP,2019-07-31
99,23,4,2,sqrt,RFR,5,XLU,2019-07-31
200,21,5,2,sqrt,RFR,5,XLY,2019-07-31
153,15,5,3,log2,RFR,5,IYR,2019-07-31
159,16,3,3,log2,RFR,5,XLY,2019-07-31
55,21,6,2,sqrt,RFR,5,XLU,2019-07-31
158,25,3,3,sqrt,RFR,5,IYR,2019-07-31
165,20,5,3,log2,RFR,5,VOX,2019-07-31
165,20,6,3,sqrt,RFR,5,XLV,2019-07-31
150,25,5,3,sqrt,RFR,5,VOX,2019-07-31
191,19,3,3,log2,RFR,5,IYR,2019-07-31
113,19,4,3,log2,RFR,5,SPY,2019-07-31
134,14,3,3,sqrt,RFR,5,SPY,2019-07-31
161,25,6,3,sqrt,RFR,5,VOX,2019-07-31
152,16,2,3,log2,RFR,5,SPY,2019-07-31
100,12,3,2,log2,RFR,5,XLE,2019-08-31
183,27,3,1,sqrt,RFR,5,XLE,2019-08-31
104,22,4,3,sqrt,RFR,5,XLI,2019-08-31
134,22,4,3,sqrt,RFR,5,XLB,2019-08-31
107,12,2,1,sqrt,RFR,5,XLK,2019-08-31
64,25,2,2,log2,RFR,5,XLK,2019-08-31
199,19,2,1,log2,RFR,5,XLB,2019-08-31
58,17,4,2,log2,RFR,5,XLI,2019-08-31
102,14,5,2,sqrt,RFR,5,XLF,2019-08-31
116,16,2,3,sqrt,RFR,5,XLB,2019-08-31
132,17,5,3,log2,RFR,5,XLE,2019-08-31
50,22,4,3,log2,RFR,5,XLK,2019-08-31
131,21,6,1,sqrt,RFR,5,XLP,2019-08-31
172,16,2,2,sqrt,RFR,5,XLF,2019-08-31
115,18,4,3,log2,RFR,5,XLI,2019-08-31
144,14,3,3,log2,RFR,5,XLF,2019-08-31
69,20,2,3,sqrt,RFR,5,XLP,2019-08-31
52,10,5,3,sqrt,RFR,5,XLV,2019-08-31
52,12,2,1,sqrt,RFR,5,XLY,2019-08-31
55,14,3,3,log2,RFR,5,XLP,2019-08-31
94,27,5,1,log2,RFR,5,XLY,2019-08-31
111,21,3,3,log2,RFR,5,XLU,2019-08-31
107,21,5,3,log2,RFR,5,XLV,2019-08-31
73,15,3,3,sqrt,RFR,5,XLY,2019-08-31
80,23,3,3,log2,RFR,5,IYR,2019-08-31
86,10,3,1,sqrt,RFR,5,VOX,2019-08-31
123,27,2,3,sqrt,RFR,5,XLU,2019-08-31
136,27,6,3,log2,RFR,5,IYR,2019-08-31
197,11,5,3,log2,RFR,5,XLV,2019-08-31
59,16,2,3,log2,RFR,5,IYR,2019-08-31
105,30,3,3,sqrt,RFR,5,VOX,2019-08-31
172,11,2,1,sqrt,RFR,5,VOX,2019-08-31
196,17,5,3,log2,RFR,5,XLU,2019-08-31
122,14,5,3,sqrt,RFR,5,SPY,2019-08-31
172,20,3,1,sqrt,RFR,5,SPY,2019-08-31
53,30,6,2,log2,RFR,5,SPY,2019-08-31
135,19,3,1,sqrt,RFR,5,XLE,2019-09-30
108,23,2,1,log2,RFR,5,XLB,2019-09-30
158,11,5,3,log2,RFR,5,XLE,2019-09-30
58,14,3,1,log2,RFR,5,XLK,2019-09-30
59,12,6,1,sqrt,RFR,5,XLK,2019-09-30
140,16,4,3,log2,RFR,5,XLB,2019-09-30
105,11,2,3,log2,RFR,5,XLI,2019-09-30
119,14,6,3,sqrt,RFR,5,XLI,2019-09-30
98,16,5,2,log2,RFR,5,XLF,2019-09-30
91,25,5,3,sqrt,RFR,5,XLE,2019-09-30
139,23,3,3,log2,RFR,5,XLB,2019-09-30
178,11,2,1,log2,RFR,5,XLF,2019-09-30
56,15,2,3,log2,RFR,5,XLK,2019-09-30
127,27,4,3,sqrt,RFR,5,XLI,2019-09-30
200,11,2,3,sqrt,RFR,5,XLP,2019-09-30
159,29,6,2,log2,RFR,5,XLF,2019-09-30
51,20,3,1,log2,RFR,5,XLY,2019-09-30
72,28,5,3,sqrt,RFR,5,XLV,2019-09-30
100,16,6,2,log2,RFR,5,XLY,2019-09-30
51,13,6,2,sqrt,RFR,5,XLU,2019-09-30
109,16,3,3,sqrt,RFR,5,XLV,2019-09-30
50,14,6,1,log2,RFR,5,XLY,2019-09-30
183,30,6,1,log2,RFR,5,XLP,2019-09-30
52,26,4,3,log2,RFR,5,XLP,2019-09-30
61,12,6,3,log2,RFR,5,XLV,2019-09-30
134,16,5,2,sqrt,RFR,5,IYR,2019-09-30
74,16,4,2,log2,RFR,5,IYR,2019-09-30
177,30,3,2,log2,RFR,5,XLU,2019-09-30
107,27,5,3,log2,RFR,5,VOX,2019-09-30
72,13,6,2,sqrt,RFR,5,VOX,2019-09-30
68,17,3,2,sqrt,RFR,5,SPY,2019-09-30
192,12,3,3,sqrt,RFR,5,XLU,2019-09-30
56,18,5,2,log2,RFR,5,SPY,2019-09-30
121,13,6,3,log2,RFR,5,IYR,2019-09-30
51,18,4,3,sqrt,RFR,5,VOX,2019-09-30
50,22,3,3,sqrt,RFR,5,SPY,2019-09-30
124,15,3,3,log2,RFR,5,XLE,2019-10-31
103,13,6,3,sqrt,RFR,5,XLB,2019-10-31
150,13,6,1,log2,RFR,5,XLE,2019-10-31
156,22,5,1,sqrt,RFR,5,XLB,2019-10-31
51,21,4,1,log2,RFR,5,XLP,2019-10-31
109,13,5,2,sqrt,RFR,5,XLF,2019-10-31
181,17,5,1,sqrt,RFR,5,XLF,2019-10-31
70,30,2,1,sqrt,RFR,5,XLK,2019-10-31
172,25,5,1,sqrt,RFR,5,XLI,2019-10-31
179,26,3,2,log2,RFR,5,XLI,2019-10-31
165,18,2,1,sqrt,RFR,5,XLK,2019-10-31
52,27,5,3,sqrt,RFR,5,XLK,2019-10-31
153,17,2,3,sqrt,RFR,5,XLE,2019-10-31
64,20,4,3,log2,RFR,5,XLI,2019-10-31
136,13,5,3,log2,RFR,5,XLB,2019-10-31
159,12,6,3,log2,RFR,5,XLF,2019-10-31
177,10,6,1,log2,RFR,5,XLP,2019-10-31
100,22,2,1,log2,RFR,5,XLY,2019-10-31
84,18,3,3,sqrt,RFR,5,XLY,2019-10-31
100,12,4,3,sqrt,RFR,5,XLV,2019-10-31
68,30,4,2,log2,RFR,5,XLV,2019-10-31
63,25,4,2,sqrt,RFR,5,XLU,2019-10-31
50,24,5,3,log2,RFR,5,IYR,2019-10-31
117,30,3,2,log2,RFR,5,XLU,2019-10-31
136,22,3,3,sqrt,RFR,5,XLP,2019-10-31
81,27,5,2,log2,RFR,5,XLY,2019-10-31
128,22,6,2,sqrt,RFR,5,IYR,2019-10-31
184,19,4,3,log2,RFR,5,VOX,2019-10-31
69,12,4,3,sqrt,RFR,5,XLV,2019-10-31
62,15,6,2,sqrt,RFR,5,VOX,2019-10-31
105,20,3,3,log2,RFR,5,IYR,2019-10-31
198,14,6,1,log2,RFR,5,XLU,2019-10-31
102,17,2,3,sqrt,RFR,5,SPY,2019-10-31
136,17,3,1,sqrt,RFR,5,SPY,2019-10-31
101,10,2,3,sqrt,RFR,5,VOX,2019-10-31
139,16,6,2,log2,RFR,5,SPY,2019-10-31
54,18,5,2,sqrt,RFR,5,XLE,2019-11-30
181,16,6,1,sqrt,RFR,5,XLE,2019-11-30
152,16,6,1,log2,RFR,5,XLB,2019-11-30
139,10,3,3,sqrt,RFR,5,XLI,2019-11-30
157,24,2,3,log2,RFR,5,XLB,2019-11-30
77,21,5,2,log2,RFR,5,XLF,2019-11-30
161,27,6,1,sqrt,RFR,5,XLK,2019-11-30
200,12,6,3,sqrt,RFR,5,XLI,2019-11-30
56,30,2,2,sqrt,RFR,5,XLF,2019-11-30
54,23,4,1,log2,RFR,5,XLE,2019-11-30
166,19,4,2,log2,RFR,5,XLK,2019-11-30
131,30,4,3,sqrt,RFR,5,XLB,2019-11-30
196,29,3,3,log2,RFR,5,XLP,2019-11-30
173,23,2,3,sqrt,RFR,5,XLI,2019-11-30
200,30,4,3,log2,RFR,5,XLK,2019-11-30
120,10,3,3,log2,RFR,5,XLF,2019-11-30
53,29,4,3,log2,RFR,5,XLU,2019-11-30
145,25,5,2,log2,RFR,5,XLY,2019-11-30
52,19,2,2,sqrt,RFR,5,XLV,2019-11-30
50,16,3,2,sqrt,RFR,5,XLY,2019-11-30
194,23,6,2,sqrt,RFR,5,XLP,2019-11-30
92,21,3,3,log2,RFR,5,IYR,2019-11-30
111,17,3,2,log2,RFR,5,XLV,2019-11-30
197,30,2,2,log2,RFR,5,XLY,2019-11-30
135,17,4,2,sqrt,RFR,5,XLU,2019-11-30
151,17,3,2,sqrt,RFR,5,XLV,2019-11-30
192,13,3,1,log2,RFR,5,XLP,2019-11-30
191,19,3,2,log2,RFR,5,IYR,2019-11-30
168,24,3,3,sqrt,RFR,5,VOX,2019-11-30
181,20,3,3,log2,RFR,5,XLU,2019-11-30
184,24,2,3,log2,RFR,5,VOX,2019-11-30
135,24,5,3,sqrt,RFR,5,IYR,2019-11-30
160,26,5,3,sqrt,RFR,5,SPY,2019-11-30
142,17,3,2,sqrt,RFR,5,SPY,2019-11-30
57,19,6,2,sqrt,RFR,5,SPY,2019-11-30
169,10,5,3,sqrt,RFR,5,VOX,2019-11-30
91,26,5,3,log2,RFR,5,XLE,2019-12-31
94,22,3,2,log2,RFR,5,XLE,2019-12-31
52,18,2,1,sqrt,RFR,5,XLK,2019-12-31
147,12,6,3,log2,RFR,5,XLB,2019-12-31
158,26,5,2,sqrt,RFR,5,XLB,2019-12-31
151,14,6,3,log2,RFR,5,XLI,2019-12-31
74,23,4,3,sqrt,RFR,5,XLE,2019-12-31
92,13,6,3,log2,RFR,5,XLF,2019-12-31
199,13,5,3,sqrt,RFR,5,XLI,2019-12-31
130,26,5,3,log2,RFR,5,XLB,2019-12-31
158,15,5,3,sqrt,RFR,5,XLF,2019-12-31
108,17,3,2,sqrt,RFR,5,XLP,2019-12-31
135,24,3,1,log2,RFR,5,XLK,2019-12-31
164,17,5,3,log2,RFR,5,XLI,2019-12-31
199,10,2,3,sqrt,RFR,5,XLK,2019-12-31
169,29,4,3,log2,RFR,5,XLF,2019-12-31
161,29,6,3,log2,RFR,5,XLP,2019-12-31
156,30,5,3,log2,RFR,5,XLY,2019-12-31
134,11,2,3,log2,RFR,5,XLY,2019-12-31
170,26,5,3,log2,RFR,5,XLV,2019-12-31
125,25,3,2,log2,RFR,5,XLV,2019-12-31
87,22,6,2,sqrt,RFR,5,XLU,2019-12-31
134,23,3,1,log2,RFR,5,XLU,2019-12-31
170,16,3,2,log2,RFR,5,IYR,2019-12-31
178,10,3,3,log2,RFR,5,XLY,2019-12-31
142,18,5,3,log2,RFR,5,XLP,2019-12-31
200,26,5,3,sqrt,RFR,5,IYR,2019-12-31
91,28,3,3,log2,RFR,5,XLU,2019-12-31
159,21,3,3,sqrt,RFR,5,XLV,2019-12-31
122,19,2,3,sqrt,RFR,5,VOX,2019-12-31
133,19,6,3,log2,RFR,5,IYR,2019-12-31
148,23,6,3,sqrt,RFR,5,VOX,2019-12-31
199,23,3,3,log2,RFR,5,SPY,2019-12-31
168,10,6,2,sqrt,RFR,5,SPY,2019-12-31
169,16,6,3,sqrt,RFR,5,VOX,2019-12-31
137,21,3,3,log2,RFR,5,SPY,2019-12-31
83,25,6,3,sqrt,RFR,5,XLE,2018-12-31
70,14,4,2,sqrt,RFR,5,XLE,2018-12-31
102,19,3,2,sqrt,RFR,5,XLB,2018-12-31
162,26,3,1,sqrt,RFR,5,XLB,2018-12-31
121,17,3,2,sqrt,RFR,5,XLI,2018-12-31
59,24,4,2,sqrt,RFR,5,XLF,2018-12-31
161,14,3,2,sqrt,RFR,5,XLI,2018-12-31
108,22,3,3,sqrt,RFR,5,XLK,2018-12-31
117,23,6,2,log2,RFR,5,XLK,2018-12-31
107,25,6,2,log2,RFR,5,XLF,2018-12-31
130,19,4,2,sqrt,RFR,5,XLB,2018-12-31
174,21,2,2,log2,RFR,5,XLE,2018-12-31
198,28,6,1,sqrt,RFR,5,XLP,2018-12-31
59,17,6,2,sqrt,RFR,5,XLF,2018-12-31
148,14,6,3,log2,RFR,5,XLI,2018-12-31
104,10,3,3,sqrt,RFR,5,XLK,2018-12-31
146,26,6,2,sqrt,RFR,5,XLP,2018-12-31
56,30,6,1,log2,RFR,5,XLY,2018-12-31
67,12,5,2,sqrt,RFR,5,XLV,2018-12-31
166,13,5,1,log2,RFR,5,XLY,2018-12-31
167,10,6,3,sqrt,RFR,5,XLV,2018-12-31
174,24,6,1,log2,RFR,5,XLU,2018-12-31
163,12,3,3,sqrt,RFR,5,XLU,2018-12-31
101,17,6,2,sqrt,RFR,5,XLP,2018-12-31
73,17,2,3,sqrt,RFR,5,XLV,2018-12-31
91,23,2,2,log2,RFR,5,VOX,2018-12-31
146,15,4,3,sqrt,RFR,5,IYR,2018-12-31
197,21,3,1,sqrt,RFR,5,XLY,2018-12-31
200,30,4,3,sqrt,RFR,5,IYR,2018-12-31
169,14,5,1,sqrt,RFR,5,VOX,2018-12-31
95,21,5,3,sqrt,RFR,5,IYR,2018-12-31
174,15,6,3,log2,RFR,5,XLU,2018-12-31
102,25,6,3,log2,RFR,5,VOX,2018-12-31
130,14,3,2,log2,RFR,5,SPY,2018-12-31
197,30,2,3,sqrt,RFR,5,SPY,2018-12-31
55,30,6,2,sqrt,RFR,5,SPY,2018-12-31
55,21,3,3,sqrt,RFR,5,XLE,2019-01-31
58,21,3,3,log2,RFR,5,XLB,2019-01-31
128,12,5,1,log2,RFR,5,XLB,2019-01-31
61,29,3,3,sqrt,RFR,5,XLK,2019-01-31
102,29,5,3,log2,RFR,5,XLI,2019-01-31
127,25,4,3,sqrt,RFR,5,XLI,2019-01-31
199,26,6,1,log2,RFR,5,XLE,2019-01-31
74,26,3,3,log2,RFR,5,XLF,2019-01-31
109,26,2,3,log2,RFR,5,XLE,2019-01-31
164,10,3,2,sqrt,RFR,5,XLF,2019-01-31
162,27,4,3,sqrt,RFR,5,XLK,2019-01-31
88,18,5,3,sqrt,RFR,5,XLI,2019-01-31
198,23,6,2,sqrt,RFR,5,XLP,2019-01-31
53,24,4,3,log2,RFR,5,XLP,2019-01-31
159,30,4,3,log2,RFR,5,XLB,2019-01-31
173,18,6,3,log2,RFR,5,XLK,2019-01-31
162,24,5,3,log2,RFR,5,XLF,2019-01-31
109,11,6,2,sqrt,RFR,5,XLY,2019-01-31
75,10,4,3,log2,RFR,5,XLV,2019-01-31
50,29,5,3,log2,RFR,5,XLU,2019-01-31
180,18,2,1,sqrt,RFR,5,XLY,2019-01-31
82,25,2,3,sqrt,RFR,5,XLP,2019-01-31
172,21,5,3,sqrt,RFR,5,XLV,2019-01-31
54,29,5,3,sqrt,RFR,5,IYR,2019-01-31
105,22,3,2,sqrt,RFR,5,XLU,2019-01-31
128,18,2,3,log2,RFR,5,IYR,2019-01-31
104,15,4,1,log2,RFR,5,VOX,2019-01-31
124,20,6,2,log2,RFR,5,XLV,2019-01-31
171,15,4,3,sqrt,RFR,5,XLY,2019-01-31
121,13,5,2,sqrt,RFR,5,VOX,2019-01-31
200,10,5,2,log2,RFR,5,XLU,2019-01-31
111,26,2,3,log2,RFR,5,IYR,2019-01-31
65,20,3,1,sqrt,RFR,5,VOX,2019-01-31
93,30,2,1,log2,RFR,5,SPY,2019-01-31
155,20,6,2,sqrt,RFR,5,SPY,2019-01-31
109,24,3,3,sqrt,RFR,5,SPY,2019-01-31
75,17,3,3,sqrt,RFR,5,XLI,2019-02-28
81,23,3,2,sqrt,RFR,5,XLI,2019-02-28
90,10,2,1,log2,RFR,5,XLB,2019-02-28
200,21,5,1,log2,RFR,5,XLE,2019-02-28
200,16,3,2,sqrt,RFR,5,XLE,2019-02-28
78,19,4,2,sqrt,RFR,5,XLF,2019-02-28
160,30,5,3,sqrt,RFR,5,XLB,2019-02-28
114,16,3,3,sqrt,RFR,5,XLK,2019-02-28
150,17,4,1,log2,RFR,5,XLK,2019-02-28
50,27,4,1,sqrt,RFR,5,XLP,2019-02-28
115,30,3,3,sqrt,RFR,5,XLE,2019-02-28
167,21,5,3,log2,RFR,5,XLF,2019-02-28
133,10,5,3,log2,RFR,5,XLB,2019-02-28
75,22,2,2,log2,RFR,5,XLF,2019-02-28
195,30,2,3,sqrt,RFR,5,XLI,2019-02-28
172,19,5,3,log2,RFR,5,XLK,2019-02-28
60,18,3,1,log2,RFR,5,XLY,2019-02-28
134,14,4,3,sqrt,RFR,5,XLP,2019-02-28
96,14,2,3,sqrt,RFR,5,XLV,2019-02-28
101,28,3,1,sqrt,RFR,5,XLY,2019-02-28
106,23,5,3,sqrt,RFR,5,XLV,2019-02-28
95,25,3,1,sqrt,RFR,5,XLU,2019-02-28
156,20,4,1,sqrt,RFR,5,XLU,2019-02-28
160,19,5,1,log2,RFR,5,XLP,2019-02-28
56,19,4,3,log2,RFR,5,XLV,2019-02-28
156,21,3,3,sqrt,RFR,5,XLY,2019-02-28
184,14,4,3,sqrt,RFR,5,IYR,2019-02-28
166,21,5,2,sqrt,RFR,5,IYR,2019-02-28
104,21,6,2,sqrt,RFR,5,VOX,2019-02-28
161,14,6,2,log2,RFR,5,VOX,2019-02-28
172,16,5,1,sqrt,RFR,5,XLU,2019-02-28
64,23,4,1,log2,RFR,5,SPY,2019-02-28
123,24,3,3,log2,RFR,5,IYR,2019-02-28
59,23,2,1,log2,RFR,5,VOX,2019-02-28
152,10,4,3,log2,RFR,5,SPY,2019-02-28
104,10,5,3,log2,RFR,5,SPY,2019-02-28
77,26,4,3,sqrt,RFR,5,XLE,2019-03-31
72,23,2,1,log2,RFR,5,XLE,2019-03-31
54,17,4,3,sqrt,RFR,5,XLI,2019-03-31
57,18,5,1,sqrt,RFR,5,XLB,2019-03-31
69,21,6,1,sqrt,RFR,5,XLK,2019-03-31
52,21,6,3,log2,RFR,5,XLF,2019-03-31
116,21,4,3,log2,RFR,5,XLI,2019-03-31
198,10,5,3,sqrt,RFR,5,XLB,2019-03-31
105,18,4,3,sqrt,RFR,5,XLE,2019-03-31
147,21,2,3,sqrt,RFR,5,XLP,2019-03-31
172,27,5,3,log2,RFR,5,XLK,2019-03-31
109,21,4,3,sqrt,RFR,5,XLB,2019-03-31
187,11,2,2,sqrt,RFR,5,XLF,2019-03-31
62,17,4,3,log2,RFR,5,XLK,2019-03-31
195,25,3,3,sqrt,RFR,5,XLI,2019-03-31
54,23,2,1,log2,RFR,5,XLY,2019-03-31
164,19,6,3,sqrt,RFR,5,XLF,2019-03-31
72,22,6,1,sqrt,RFR,5,XLY,2019-03-31
165,25,3,3,log2,RFR,5,XLP,2019-03-31
119,24,3,3,log2,RFR,5,XLV,2019-03-31
93,16,5,1,sqrt,RFR,5,XLV,2019-03-31
85,29,5,3,sqrt,RFR,5,XLP,2019-03-31
81,18,5,3,sqrt,RFR,5,XLU,2019-03-31
78,15,3,1,sqrt,RFR,5,XLU,2019-03-31
71,27,5,3,sqrt,RFR,5,IYR,2019-03-31
83,14,5,2,sqrt,RFR,5,IYR,2019-03-31
72,21,4,3,sqrt,RFR,5,XLV,2019-03-31
176,17,4,3,log2,RFR,5,XLY,2019-03-31
82,22,5,3,sqrt,RFR,5,VOX,2019-03-31
75,20,4,1,sqrt,RFR,5,VOX,2019-03-31
59,30,6,3,log2,RFR,5,IYR,2019-03-31
102,12,5,1,sqrt,RFR,5,SPY,2019-03-31
172,10,6,1,log2,RFR,5,XLU,2019-03-31
108,13,2,3,sqrt,RFR,5,SPY,2019-03-31
82,24,6,1,log2,RFR,5,VOX,2019-03-31
103,29,5,3,sqrt,RFR,5,SPY,2019-03-31
76,20,3,3,sqrt,RFR,5,XLE,2019-04-30
77,30,3,1,log2,RFR,5,XLB,2019-04-30
71,20,6,3,sqrt,RFR,5,XLI,2019-04-30
108,16,3,1,log2,RFR,5,XLB,2019-04-30
78,15,2,3,log2,RFR,5,XLI,2019-04-30
82,12,3,3,log2,RFR,5,XLF,2019-04-30
175,30,6,3,sqrt,RFR,5,XLE,2019-04-30
98,28,5,1,log2,RFR,5,XLK,2019-04-30
98,18,5,1,log2,RFR,5,XLK,2019-04-30
73,10,3,2,log2,RFR,5,XLF,2019-04-30
60,23,5,3,log2,RFR,5,XLB,2019-04-30
122,25,3,3,sqrt,RFR,5,XLE,2019-04-30
142,28,4,1,log2,RFR,5,XLP,2019-04-30
101,22,6,3,sqrt,RFR,5,XLK,2019-04-30
112,30,5,3,log2,RFR,5,XLI,2019-04-30
59,23,5,3,log2,RFR,5,XLF,2019-04-30
60,26,5,2,log2,RFR,5,XLP,2019-04-30
71,23,2,1,log2,RFR,5,XLY,2019-04-30
120,16,5,1,log2,RFR,5,XLY,2019-04-30
69,11,5,3,log2,RFR,5,XLV,2019-04-30
52,17,3,3,log2,RFR,5,XLU,2019-04-30
59,16,2,3,sqrt,RFR,5,XLV,2019-04-30
71,30,4,3,log2,RFR,5,XLY,2019-04-30
132,10,5,1,sqrt,RFR,5,XLU,2019-04-30
55,15,2,3,log2,RFR,5,XLP,2019-04-30
130,27,4,1,sqrt,RFR,5,IYR,2019-04-30
151,22,5,2,log2,RFR,5,IYR,2019-04-30
120,14,3,3,log2,RFR,5,XLV,2019-04-30
83,25,5,1,sqrt,RFR,5,XLU,2019-04-30
93,12,2,2,sqrt,RFR,5,VOX,2019-04-30
139,12,6,2,log2,RFR,5,VOX,2019-04-30
108,22,2,1,sqrt,RFR,5,SPY,2019-04-30
103,16,3,3,sqrt,RFR,5,IYR,2019-04-30
74,28,3,1,sqrt,RFR,5,VOX,2019-04-30
197,19,5,3,log2,RFR,5,SPY,2019-04-30
112,17,5,3,sqrt,RFR,5,SPY,2019-04-30
50,16,6,1,log2,RFR,5,XLE,2019-05-31
147,17,3,3,sqrt,RFR,5,XLE,2019-05-31
75,17,6,1,log2,RFR,5,XLI,2019-05-31
51,15,2,3,log2,RFR,5,XLB,2019-05-31
73,17,2,2,sqrt,RFR,5,XLF,2019-05-31
118,25,4,1,sqrt,RFR,5,XLK,2019-05-31
118,15,5,3,sqrt,RFR,5,XLI,2019-05-31
104,21,4,1,log2,RFR,5,XLB,2019-05-31
181,22,6,1,log2,RFR,5,XLK,2019-05-31
104,24,5,1,log2,RFR,5,XLB,2019-05-31
190,17,2,1,sqrt,RFR,5,XLP,2019-05-31
163,21,4,1,log2,RFR,5,XLF,2019-05-31
59,29,6,3,sqrt,RFR,5,XLK,2019-05-31
178,12,3,3,log2,RFR,5,XLE,2019-05-31
154,27,6,3,sqrt,RFR,5,XLI,2019-05-31
181,23,6,2,log2,RFR,5,XLF,2019-05-31
148,17,3,1,log2,RFR,5,XLP,2019-05-31
96,24,4,2,log2,RFR,5,XLY,2019-05-31
126,17,5,3,sqrt,RFR,5,XLV,2019-05-31
199,14,6,3,log2,RFR,5,XLV,2019-05-31
70,12,3,2,log2,RFR,5,XLU,2019-05-31
200,18,5,2,log2,RFR,5,XLY,2019-05-31
104,17,5,2,log2,RFR,5,XLU,2019-05-31
50,23,3,2,sqrt,RFR,5,IYR,2019-05-31
139,14,2,3,sqrt,RFR,5,XLP,2019-05-31
107,27,2,2,sqrt,RFR,5,IYR,2019-05-31
117,18,5,2,log2,RFR,5,VOX,2019-05-31
54,25,6,2,sqrt,RFR,5,XLU,2019-05-31
156,11,3,3,log2,RFR,5,XLY,2019-05-31
166,22,2,2,log2,RFR,5,XLV,2019-05-31
62,16,4,3,log2,RFR,5,IYR,2019-05-31
91,10,3,1,sqrt,RFR,5,SPY,2019-05-31
192,22,6,3,log2,RFR,5,VOX,2019-05-31
134,13,5,3,sqrt,RFR,5,VOX,2019-05-31
199,16,4,1,log2,RFR,5,SPY,2019-05-31
93,20,5,3,sqrt,RFR,5,SPY,2019-05-31
166,12,5,2,log2,RFR,5,XLE,2019-06-30
134,28,3,3,log2,RFR,5,XLE,2019-06-30
113,21,4,1,sqrt,RFR,5,XLB,2019-06-30
132,11,6,3,sqrt,RFR,5,XLB,2019-06-30
96,12,2,1,sqrt,RFR,5,XLK,2019-06-30
102,30,5,3,sqrt,RFR,5,XLF,2019-06-30
103,23,6,1,sqrt,RFR,5,XLK,2019-06-30
176,17,5,3,sqrt,RFR,5,XLI,2019-06-30
186,13,6,3,log2,RFR,5,XLI,2019-06-30
173,30,5,1,sqrt,RFR,5,XLF,2019-06-30
155,18,6,1,sqrt,RFR,5,XLE,2019-06-30
180,18,6,2,log2,RFR,5,XLP,2019-06-30
74,16,2,3,sqrt,RFR,5,XLK,2019-06-30
199,26,2,3,log2,RFR,5,XLB,2019-06-30
67,18,6,3,log2,RFR,5,XLF,2019-06-30
171,23,5,3,log2,RFR,5,XLI,2019-06-30
98,28,4,3,log2,RFR,5,XLY,2019-06-30
140,24,3,3,sqrt,RFR,5,XLP,2019-06-30
166,10,3,2,sqrt,RFR,5,XLY,2019-06-30
197,27,2,3,log2,RFR,5,XLV,2019-06-30
93,12,5,2,log2,RFR,5,XLU,2019-06-30
143,12,6,1,sqrt,RFR,5,XLY,2019-06-30
138,21,5,3,sqrt,RFR,5,XLV,2019-06-30
116,16,3,3,sqrt,RFR,5,IYR,2019-06-30
50,21,4,3,log2,RFR,5,VOX,2019-06-30
167,12,4,2,sqrt,RFR,5,XLU,2019-06-30
139,11,2,3,sqrt,RFR,5,XLP,2019-06-30
138,10,3,3,log2,RFR,5,IYR,2019-06-30
119,24,6,3,sqrt,RFR,5,VOX,2019-06-30
118,18,4,3,sqrt,RFR,5,XLV,2019-06-30
86,22,3,3,log2,RFR,5,XLU,2019-06-30
107,20,6,3,sqrt,RFR,5,IYR,2019-06-30
50,21,3,2,log2,RFR,5,SPY,2019-06-30
120,12,5,2,log2,RFR,5,SPY,2019-06-30
171,14,3,3,sqrt,RFR,5,VOX,2019-06-30
167,21,6,2,log2,RFR,5,SPY,2019-06-30
76,24,3,3,log2,RFR,5,XLB,2019-07-31
52,17,5,3,sqrt,RFR,5,XLI,2019-07-31
183,14,4,1,log2,RFR,5,XLE,2019-07-31
105,10,6,3,log2,RFR,5,XLI,2019-07-31
153,30,4,3,log2,RFR,5,XLB,2019-07-31
183,25,2,2,sqrt,RFR,5,XLE,2019-07-31
79,18,4,2,log2,RFR,5,XLF,2019-07-31
126,22,5,1,sqrt,RFR,5,XLK,2019-07-31
170,23,6,1,sqrt,RFR,5,XLK,2019-07-31
166,17,2,3,log2,RFR,5,XLF,2019-07-31
152,30,2,3,log2,RFR,5,XLP,2019-07-31
200,26,2,3,log2,RFR,5,XLE,2019-07-31
128,27,6,3,log2,RFR,5,XLB,2019-07-31
161,22,5,3,log2,RFR,5,XLI,2019-07-31
129,13,2,3,sqrt,RFR,5,XLK,2019-07-31
170,27,5,3,sqrt,RFR,5,XLF,2019-07-31
104,24,5,3,sqrt,RFR,5,XLV,2019-07-31
110,14,6,2,sqrt,RFR,5,XLY,2019-07-31
196,10,4,3,log2,RFR,5,XLP,2019-07-31
98,26,3,1,sqrt,RFR,5,XLU,2019-07-31
200,10,6,3,log2,RFR,5,XLY,2019-07-31
157,16,5,2,log2,RFR,5,XLV,2019-07-31
147,18,3,2,log2,RFR,5,XLP,2019-07-31
199,20,3,3,sqrt,RFR,5,XLY,2019-07-31
87,17,3,3,sqrt,RFR,5,IYR,2019-07-31
73,30,2,3,log2,RFR,5,VOX,2019-07-31
199,30,4,2,log2,RFR,5,XLU,2019-07-31
154,13,4,3,sqrt,RFR,5,IYR,2019-07-31
51,24,3,3,log2,RFR,5,VOX,2019-07-31
77,22,3,3,sqrt,RFR,5,XLU,2019-07-31
173,19,4,3,log2,RFR,5,XLV,2019-07-31
58,19,6,3,log2,RFR,5,SPY,2019-07-31
135,10,6,3,log2,RFR,5,IYR,2019-07-31
124,22,4,3,log2,RFR,5,SPY,2019-07-31
163,24,5,3,log2,RFR,5,VOX,2019-07-31
155,17,6,3,log2,RFR,5,SPY,2019-07-31
75,15,6,3,log2,RFR,5,XLE,2019-08-31
68,10,2,2,sqrt,RFR,5,XLI,2019-08-31
59,13,4,3,log2,RFR,5,XLI,2019-08-31
125,25,4,3,sqrt,RFR,5,XLB,2019-08-31
176,30,2,1,sqrt,RFR,5,XLB,2019-08-31
57,21,5,3,sqrt,RFR,5,XLK,2019-08-31
164,17,5,2,log2,RFR,5,XLE,2019-08-31
105,13,6,1,log2,RFR,5,XLK,2019-08-31
117,15,5,2,log2,RFR,5,XLF,2019-08-31
77,10,5,3,log2,RFR,5,XLB,2019-08-31
97,16,4,1,sqrt,RFR,5,XLF,2019-08-31
126,19,2,3,log2,RFR,5,XLE,2019-08-31
56,21,5,3,log2,RFR,5,XLK,2019-08-31
200,24,2,3,log2,RFR,5,XLP,2019-08-31
160,25,5,3,sqrt,RFR,5,XLI,2019-08-31
132,12,2,3,log2,RFR,5,XLF,2019-08-31
64,18,3,3,log2,RFR,5,XLP,2019-08-31
53,30,2,1,log2,RFR,5,XLY,2019-08-31
79,14,6,1,log2,RFR,5,XLY,2019-08-31
68,22,5,2,log2,RFR,5,XLV,2019-08-31
55,30,6,3,log2,RFR,5,XLP,2019-08-31
97,26,4,3,sqrt,RFR,5,XLV,2019-08-31
77,26,5,3,log2,RFR,5,XLY,2019-08-31
91,16,6,3,sqrt,RFR,5,XLU,2019-08-31
123,10,3,3,sqrt,RFR,5,XLU,2019-08-31
108,27,3,3,log2,RFR,5,IYR,2019-08-31
74,12,3,3,log2,RFR,5,IYR,2019-08-31
116,16,3,1,sqrt,RFR,5,VOX,2019-08-31
115,19,2,1,sqrt,RFR,5,VOX,2019-08-31
181,30,4,3,sqrt,RFR,5,XLV,2019-08-31
50,21,6,1,sqrt,RFR,5,SPY,2019-08-31
200,28,2,3,sqrt,RFR,5,XLU,2019-08-31
77,21,5,2,sqrt,RFR,5,VOX,2019-08-31
116,30,5,3,sqrt,RFR,5,IYR,2019-08-31
62,22,3,1,sqrt,RFR,5,SPY,2019-08-31
50,30,4,2,log2,RFR,5,SPY,2019-08-31
74,14,5,3,log2,RFR,5,XLB,2019-09-30
107,13,3,3,sqrt,RFR,5,XLE,2019-09-30
55,15,6,1,sqrt,RFR,5,XLK,2019-09-30
145,10,4,1,log2,RFR,5,XLE,2019-09-30
54,22,3,3,log2,RFR,5,XLI,2019-09-30
50,18,5,2,sqrt,RFR,5,XLF,2019-09-30
182,29,2,1,sqrt,RFR,5,XLB,2019-09-30
76,30,2,3,sqrt,RFR,5,XLE,2019-09-30
162,25,3,1,sqrt,RFR,5,XLK,2019-09-30
78,27,3,3,sqrt,RFR,5,XLB,2019-09-30
140,12,3,1,sqrt,RFR,5,XLF,2019-09-30
168,14,6,3,sqrt,RFR,5,XLI,2019-09-30
200,21,5,1,log2,RFR,5,XLP,2019-09-30
158,14,2,3,log2,RFR,5,XLI,2019-09-30
55,10,3,3,log2,RFR,5,XLK,2019-09-30
171,30,3,3,sqrt,RFR,5,XLF,2019-09-30
124,11,4,3,log2,RFR,5,XLP,2019-09-30
74,10,3,2,log2,RFR,5,XLV,2019-09-30
109,24,4,3,sqrt,RFR,5,XLY,2019-09-30
147,27,6,2,log2,RFR,5,XLY,2019-09-30
87,18,6,1,log2,RFR,5,XLY,2019-09-30
132,17,6,3,sqrt,RFR,5,XLV,2019-09-30
106,18,2,3,sqrt,RFR,5,IYR,2019-09-30
54,14,6,2,log2,RFR,5,XLP,2019-09-30
139,23,3,2,log2,RFR,5,XLU,2019-09-30
137,25,3,3,sqrt,RFR,5,XLU,2019-09-30
73,30,5,3,log2,RFR,5,XLV,2019-09-30
136,23,5,3,sqrt,RFR,5,IYR,2019-09-30
104,18,6,3,sqrt,RFR,5,VOX,2019-09-30
148,13,2,3,log2,RFR,5,XLU,2019-09-30
102,17,5,2,sqrt,RFR,5,VOX,2019-09-30
76,17,4,2,log2,RFR,5,SPY,2019-09-30
50,10,6,3,log2,RFR,5,SPY,2019-09-30
200,13,6,3,log2,RFR,5,IYR,2019-09-30
51,28,5,3,log2,RFR,5,VOX,2019-09-30
50,17,5,3,log2,RFR,5,SPY,2019-09-30
123,20,4,1,log2,RFR,5,XLE,2019-10-31
76,19,6,1,log2,RFR,5,XLK,2019-10-31
80,28,6,1,log2,RFR,5,XLE,2019-10-31
119,15,2,3,sqrt,RFR,5,XLB,2019-10-31
74,24,4,1,log2,RFR,5,XLK,2019-10-31
78,10,6,1,sqrt,RFR,5,XLF,2019-10-31
152,28,5,1,sqrt,RFR,5,XLB,2019-10-31
69,28,2,3,sqrt,RFR,5,XLE,2019-10-31
118,20,6,1,sqrt,RFR,5,XLI,2019-10-31
107,28,3,1,log2,RFR,5,XLF,2019-10-31
158,10,6,3,sqrt,RFR,5,XLI,2019-10-31
52,30,4,1,sqrt,RFR,5,XLP,2019-10-31
50,16,5,3,log2,RFR,5,XLK,2019-10-31
163,14,5,3,log2,RFR,5,XLB,2019-10-31
122,25,4,3,log2,RFR,5,XLI,2019-10-31
150,16,6,3,sqrt,RFR,5,XLF,2019-10-31
115,10,6,2,sqrt,RFR,5,XLP,2019-10-31
58,12,4,2,log2,RFR,5,XLV,2019-10-31
104,19,3,2,log2,RFR,5,XLV,2019-10-31
90,10,6,3,log2,RFR,5,XLY,2019-10-31
196,19,3,1,sqrt,RFR,5,XLY,2019-10-31
134,25,5,2,sqrt,RFR,5,XLU,2019-10-31
178,24,3,3,sqrt,RFR,5,XLU,2019-10-31
91,23,3,2,sqrt,RFR,5,IYR,2019-10-31
50,16,3,2,log2,RFR,5,IYR,2019-10-31
52,23,4,2,log2,RFR,5,VOX,2019-10-31
140,17,5,2,log2,RFR,5,XLY,2019-10-31
159,12,6,3,log2,RFR,5,XLP,2019-10-31
161,29,6,3,log2,RFR,5,XLV,2019-10-31
80,30,2,1,sqrt,RFR,5,VOX,2019-10-31
199,23,4,3,log2,RFR,5,XLU,2019-10-31
129,18,3,3,log2,RFR,5,IYR,2019-10-31
123,27,3,1,log2,RFR,5,SPY,2019-10-31
82,19,5,3,log2,RFR,5,VOX,2019-10-31
146,23,3,3,log2,RFR,5,SPY,2019-10-31
136,17,6,2,log2,RFR,5,SPY,2019-10-31
53,22,3,1,sqrt,RFR,5,XLE,2019-11-30
200,27,4,3,sqrt,RFR,5,XLE,2019-11-30
89,26,6,1,sqrt,RFR,5,XLK,2019-11-30
160,30,3,3,sqrt,RFR,5,XLB,2019-11-30
162,20,2,1,log2,RFR,5,XLB,2019-11-30
73,10,2,1,sqrt,RFR,5,XLF,2019-11-30
148,17,2,3,sqrt,RFR,5,XLI,2019-11-30
200,24,6,3,log2,RFR,5,XLI,2019-11-30
127,21,4,3,sqrt,RFR,5,XLB,2019-11-30
157,17,6,3,sqrt,RFR,5,XLE,2019-11-30
169,11,3,2,sqrt,RFR,5,XLF,2019-11-30
198,24,6,1,sqrt,RFR,5,XLK,2019-11-30
183,21,4,3,log2,RFR,5,XLP,2019-11-30
154,24,4,3,log2,RFR,5,XLI,2019-11-30
122,15,5,3,sqrt,RFR,5,XLF,2019-11-30
86,23,6,2,log2,RFR,5,XLP,2019-11-30
183,14,2,3,log2,RFR,5,XLK,2019-11-30
102,17,2,1,sqrt,RFR,5,XLY,2019-11-30
88,25,6,1,log2,RFR,5,XLV,2019-11-30
155,14,5,2,sqrt,RFR,5,XLY,2019-11-30
51,19,4,3,sqrt,RFR,5,XLU,2019-11-30
75,18,3,1,log2,RFR,5,XLU,2019-11-30
165,23,5,2,log2,RFR,5,XLV,2019-11-30
190,15,3,1,sqrt,RFR,5,XLP,2019-11-30
159,30,5,3,sqrt,RFR,5,IYR,2019-11-30
159,27,3,2,log2,RFR,5,IYR,2019-11-30
200,26,6,1,sqrt,RFR,5,XLY,2019-11-30
159,19,5,3,log2,RFR,5,XLV,2019-11-30
80,10,6,3,sqrt,RFR,5,VOX,2019-11-30
131,18,5,2,log2,RFR,5,VOX,2019-11-30
195,11,6,3,sqrt,RFR,5,XLU,2019-11-30
135,30,5,3,log2,RFR,5,IYR,2019-11-30
171,13,6,3,sqrt,RFR,5,VOX,2019-11-30
96,20,3,3,sqrt,RFR,5,SPY,2019-11-30
173,18,3,2,sqrt,RFR,5,SPY,2019-11-30
200,10,5,2,sqrt,RFR,5,SPY,2019-11-30
89,30,2,3,log2,RFR,5,XLB,2019-12-31
165,25,5,2,log2,RFR,5,XLE,2019-12-31
69,11,6,3,log2,RFR,5,XLI,2019-12-31
200,15,5,3,sqrt,RFR,5,XLE,2019-12-31
76,27,4,3,log2,RFR,5,XLE,2019-12-31
152,18,4,2,log2,RFR,5,XLB,2019-12-31
131,22,6,2,log2,RFR,5,XLK,2019-12-31
137,27,2,1,log2,RFR,5,XLK,2019-12-31
116,19,4,2,log2,RFR,5,XLP,2019-12-31
199,14,5,3,sqrt,RFR,5,XLI,2019-12-31
165,24,6,3,sqrt,RFR,5,XLF,2019-12-31
90,19,3,3,log2,RFR,5,XLF,2019-12-31
127,10,3,3,sqrt,RFR,5,XLB,2019-12-31
128,22,2,3,sqrt,RFR,5,XLK,2019-12-31
199,18,2,3,log2,RFR,5,XLI,2019-12-31
172,30,2,3,log2,RFR,5,XLF,2019-12-31
144,16,5,3,log2,RFR,5,XLP,2019-12-31
73,17,6,2,sqrt,RFR,5,XLU,2019-12-31
97,29,5,3,sqrt,RFR,5,XLU,2019-12-31
155,13,4,3,sqrt,RFR,5,XLY,2019-12-31
122,22,3,2,log2,RFR,5,IYR,2019-12-31
148,14,5,3,log2,RFR,5,XLY,2019-12-31
180,17,6,1,log2,RFR,5,XLV,2019-12-31
169,26,5,3,sqrt,RFR,5,XLV,2019-12-31
143,17,4,3,log2,RFR,5,XLP,2019-12-31
172,22,5,3,sqrt,RFR,5,XLY,2019-12-31
199,26,2,3,log2,RFR,5,IYR,2019-12-31
59,14,5,3,sqrt,RFR,5,XLU,2019-12-31
138,21,5,3,log2,RFR,5,VOX,2019-12-31
169,27,2,3,sqrt,RFR,5,XLV,2019-12-31
122,22,5,3,sqrt,RFR,5,IYR,2019-12-31
200,13,5,3,sqrt,RFR,5,VOX,2019-12-31
53,29,3,3,log2,RFR,5,SPY,2019-12-31
126,19,4,1,log2,RFR,5,SPY,2019-12-31
165,10,2,3,sqrt,RFR,5,VOX,2019-12-31
127,22,5,3,log2,RFR,5,SPY,2019-12-31
