date,Rendimiento,Features,Method,ETF,RMSE,model,hyperparam_method,train_period,val_period
2019-10-03,1,10,shap,SPY,0.0,XGBR,random,36,12
2019-10-03,1,10,shap,XLK,0.020816982234574195,XGBR,random,36,12
2019-10-03,1,10,shap,XLI,0.021165940157463887,XGBR,random,36,12
2019-10-03,1,10,shap,XLF,0.02448151567917421,XGBR,random,36,12
2019-10-03,1,10,shap,XLY,0.015108390277919506,XGBR,random,36,12
2019-10-03,1,10,shap,XLB,0.019991793047482338,XGBR,random,36,12
2019-10-03,1,10,shap,XLE,0.03426507935229916,XGBR,random,36,12
2019-10-03,1,10,shap,XLP,0.037550834331405054,XGBR,random,36,12
2019-10-03,1,10,shap,XLV,0.03108457071910379,XGBR,random,36,12
2019-10-03,1,10,shap,IYR,0.03163212207735807,XGBR,random,36,12
2019-10-03,1,10,shap,VOX,0.020619868433895527,XGBR,random,36,12
2019-10-03,1,10,shap,XLU,0.042958766289260285,XGBR,random,36,12
2019-11-01,1,10,shap,XLK,0.02244956730399543,XGBR,random,36,12
2019-11-01,1,10,shap,XLI,0.021316256090766234,XGBR,random,36,12
2019-11-01,1,10,shap,XLB,0.01942479011106215,XGBR,random,36,12
2019-11-01,1,10,shap,XLE,0.03134358077926436,XGBR,random,36,12
2019-11-01,1,10,shap,SPY,0.0,XGBR,random,36,12
2019-11-01,1,10,shap,XLY,0.016526656242001656,XGBR,random,36,12
2019-11-01,1,10,shap,XLF,0.023679672791146848,XGBR,random,36,12
2019-11-01,1,10,shap,XLP,0.03235026758073276,XGBR,random,36,12
2019-11-01,1,10,shap,IYR,0.031799728415545236,XGBR,random,36,12
2019-11-01,1,10,shap,VOX,0.021773963134256804,XGBR,random,36,12
2019-11-01,1,10,shap,XLV,0.028461786014904362,XGBR,random,36,12
2019-11-01,1,10,shap,XLU,0.0434757607712352,XGBR,random,36,12
2019-12-02,1,10,shap,SPY,0.0,XGBR,random,36,12
2019-12-02,1,10,shap,XLK,0.02023130853412235,XGBR,random,36,12
2019-12-02,1,10,shap,XLY,0.014521417383149302,XGBR,random,36,12
2019-12-02,1,10,shap,XLI,0.017851455283098398,XGBR,random,36,12
2019-12-02,1,10,shap,XLF,0.028052734657962427,XGBR,random,36,12
2019-12-02,1,10,shap,XLP,0.020719546644998196,XGBR,random,36,12
2019-12-02,1,10,shap,XLV,0.032369562473036975,XGBR,random,36,12
2019-12-02,1,10,shap,XLB,0.017720541907524853,XGBR,random,36,12
2019-12-02,1,10,shap,VOX,0.020326530881606356,XGBR,random,36,12
2019-12-02,1,10,shap,IYR,0.02966446312775354,XGBR,random,36,12
2019-12-02,1,10,shap,XLU,0.03964742162475899,XGBR,random,36,12
2019-12-02,1,10,shap,XLE,0.030553222833513746,XGBR,random,36,12
2020-01-02,1,10,shap,SPY,0.0,XGBR,random,36,12
2020-01-02,1,10,shap,XLI,0.018458647132814362,XGBR,random,36,12
2020-01-02,1,10,shap,XLK,0.016968332495685703,XGBR,random,36,12
2020-01-02,1,10,shap,XLY,0.01446228521413736,XGBR,random,36,12
2020-01-02,1,10,shap,XLB,0.018268797358626413,XGBR,random,36,12
2020-01-02,1,10,shap,XLP,0.02003639064707977,XGBR,random,36,12
2020-01-02,1,10,shap,XLF,0.022122426638487704,XGBR,random,36,12
2020-01-02,1,10,shap,XLV,0.027413548503302684,XGBR,random,36,12
2020-01-02,1,10,shap,XLE,0.030035454609432084,XGBR,random,36,12
2020-01-02,1,10,shap,VOX,0.01800322035427802,XGBR,random,36,12
2020-01-02,1,10,shap,IYR,0.03244353348328234,XGBR,random,36,12
2020-01-02,1,10,shap,XLU,0.03979324637810122,XGBR,random,36,12
2019-10-03,1,10,shap,XLE,0.02886742701864894,LGBMR,random,36,12
2019-10-03,1,10,shap,XLB,0.019991864011320082,LGBMR,random,36,12
2019-10-03,1,10,shap,XLI,0.021685901436213916,LGBMR,random,36,12
2019-10-03,1,10,shap,XLK,0.021074450271563853,LGBMR,random,36,12
2019-10-03,1,10,shap,XLF,0.02404282859692704,LGBMR,random,36,12
2019-10-03,1,10,shap,XLP,0.03382466979654213,LGBMR,random,36,12
2019-10-03,1,10,shap,XLY,0.015315809387251904,LGBMR,random,36,12
2019-10-03,1,10,shap,SPY,0.0,LGBMR,random,36,12
2019-10-03,1,10,shap,XLV,0.032046077461224245,LGBMR,random,36,12
2019-10-03,1,10,shap,XLU,0.04383275477181726,LGBMR,random,36,12
2019-10-03,1,10,shap,IYR,0.031939260547100376,LGBMR,random,36,12
2019-10-03,1,10,shap,VOX,0.020989146939583314,LGBMR,random,36,12
2019-11-01,1,10,shap,XLE,0.027839257105517073,LGBMR,random,36,12
2019-11-01,1,10,shap,XLB,0.019828224578415734,LGBMR,random,36,12
2019-11-01,1,10,shap,XLI,0.021562921005951256,LGBMR,random,36,12
2019-11-01,1,10,shap,XLK,0.022964746726887746,LGBMR,random,36,12
2019-11-01,1,10,shap,XLF,0.023625241712393726,LGBMR,random,36,12
2019-11-01,1,10,shap,XLP,0.0323394414264145,LGBMR,random,36,12
2019-11-01,1,10,shap,XLY,0.016525292730942148,LGBMR,random,36,12
2019-11-01,1,10,shap,SPY,0.0,LGBMR,random,36,12
2019-11-01,1,10,shap,XLV,0.029612159707347114,LGBMR,random,36,12
2019-11-01,1,10,shap,XLU,0.0445695261502438,LGBMR,random,36,12
2019-11-01,1,10,shap,IYR,0.032316806543704765,LGBMR,random,36,12
2019-11-01,1,10,shap,VOX,0.020376632179396663,LGBMR,random,36,12
2019-12-02,1,10,shap,XLE,0.02896927382218187,LGBMR,random,36,12
2019-12-02,1,10,shap,XLB,0.018891100701001307,LGBMR,random,36,12
2019-12-02,1,10,shap,XLI,0.017979591812029974,LGBMR,random,36,12
2019-12-02,1,10,shap,XLK,0.021905235864374203,LGBMR,random,36,12
2019-12-02,1,10,shap,XLF,0.02379641698794255,LGBMR,random,36,12
2019-12-02,1,10,shap,XLP,0.02007620072972735,LGBMR,random,36,12
2019-12-02,1,10,shap,XLY,0.014147821121045198,LGBMR,random,36,12
2019-12-02,1,10,shap,SPY,0.0,LGBMR,random,36,12
2019-12-02,1,10,shap,XLV,0.031128800303579167,LGBMR,random,36,12
2019-12-02,1,10,shap,XLU,0.03907607438565711,LGBMR,random,36,12
2019-12-02,1,10,shap,IYR,0.033262591254022415,LGBMR,random,36,12
2019-12-02,1,10,shap,VOX,0.019132018220932204,LGBMR,random,36,12
2020-01-02,1,10,shap,XLE,0.03130720019652541,LGBMR,random,36,12
2020-01-02,1,10,shap,XLB,0.01837556810192068,LGBMR,random,36,12
2020-01-02,1,10,shap,XLI,0.01877439274553969,LGBMR,random,36,12
2020-01-02,1,10,shap,XLK,0.01766899659966727,LGBMR,random,36,12
2020-01-02,1,10,shap,XLF,0.02233865077134324,LGBMR,random,36,12
2020-01-02,1,10,shap,XLP,0.020051676071135484,LGBMR,random,36,12
2020-01-02,1,10,shap,XLY,0.014012816844932831,LGBMR,random,36,12
2020-01-02,1,10,shap,SPY,0.0,LGBMR,random,36,12
2020-01-02,1,10,shap,XLV,0.028513132437944955,LGBMR,random,36,12
2020-01-02,1,10,shap,XLU,0.04121579114156361,LGBMR,random,36,12
2020-01-02,1,10,shap,VOX,0.01810992971679582,LGBMR,random,36,12
2020-01-02,1,10,shap,IYR,0.03410418622011937,LGBMR,random,36,12
2019-10-03,1,10,shap,XLK,0.020597934229228735,XGBR,optuna,36,12
2019-10-03,1,10,shap,XLF,0.024800898566684812,XGBR,optuna,36,12
2019-10-03,1,10,shap,XLP,0.03187319232080503,XGBR,optuna,36,12
2019-10-03,1,10,shap,XLE,0.03427056360884962,XGBR,optuna,36,12
2019-10-03,1,10,shap,VOX,0.019810455668257523,XGBR,optuna,36,12
2019-10-03,1,10,shap,XLI,0.021928214101179334,XGBR,optuna,36,12
2019-10-03,1,10,shap,XLB,0.019988203823593974,XGBR,optuna,36,12
2019-10-03,1,10,shap,XLV,0.03232487404760142,XGBR,optuna,36,12
2019-10-03,1,10,shap,XLY,0.015106645989489263,XGBR,optuna,36,12
2019-10-03,1,10,shap,SPY,0.0,XGBR,optuna,36,12
2019-10-03,1,10,shap,XLU,0.04298245836345934,XGBR,optuna,36,12
2019-10-03,1,10,shap,IYR,0.037482691556864595,XGBR,optuna,36,12
2019-11-01,1,10,shap,XLB,0.019828966347498537,XGBR,optuna,36,12
2019-11-01,1,10,shap,XLK,0.020805593455730482,XGBR,optuna,36,12
2019-11-01,1,10,shap,XLP,0.032469545178943404,XGBR,optuna,36,12
2019-11-01,1,10,shap,XLF,0.023617765964274284,XGBR,optuna,36,12
2019-11-01,1,10,shap,XLE,0.0348453687781293,XGBR,optuna,36,12
2019-11-01,1,10,shap,XLI,0.021724073131384497,XGBR,optuna,36,12
2019-11-01,1,10,shap,XLU,0.04522131193300806,XGBR,optuna,36,12
2019-11-01,1,10,shap,VOX,0.01978608969962588,XGBR,optuna,36,12
2019-11-01,1,10,shap,IYR,0.03340877943030501,XGBR,optuna,36,12
2019-11-01,1,10,shap,SPY,0.0,XGBR,optuna,36,12
2019-11-01,1,10,shap,XLY,0.016528124827880845,XGBR,optuna,36,12
2019-11-01,1,10,shap,XLV,0.03146753251879537,XGBR,optuna,36,12
2019-12-02,1,10,shap,XLE,0.032994781089634634,XGBR,optuna,36,12
2019-12-02,1,10,shap,XLB,0.018904002014471025,XGBR,optuna,36,12
2019-12-02,1,10,shap,XLK,0.021180476120027655,XGBR,optuna,36,12
2019-12-02,1,10,shap,XLI,0.018092385051805902,XGBR,optuna,36,12
2019-12-02,1,10,shap,XLP,0.020108903696681068,XGBR,optuna,36,12
2019-12-02,1,10,shap,XLF,0.02300671975985422,XGBR,optuna,36,12
2019-12-02,1,10,shap,VOX,0.018110122242005196,XGBR,optuna,36,12
2019-12-02,1,10,shap,XLV,0.03288604522839322,XGBR,optuna,36,12
2019-12-02,1,10,shap,XLY,0.014537106283381254,XGBR,optuna,36,12
2019-12-02,1,10,shap,SPY,0.0,XGBR,optuna,36,12
2019-12-02,1,10,shap,XLU,0.0382852397345972,XGBR,optuna,36,12
2019-12-02,1,10,shap,IYR,0.0361801019365815,XGBR,optuna,36,12
2020-01-02,1,10,shap,XLE,0.02960861427031399,XGBR,optuna,36,12
2020-01-02,1,10,shap,XLF,0.022898086317626545,XGBR,optuna,36,12
2020-01-02,1,10,shap,XLK,0.017830519315105035,XGBR,optuna,36,12
2020-01-02,1,10,shap,XLI,0.019397091085095002,XGBR,optuna,36,12
2020-01-02,1,10,shap,XLP,0.020017289707175045,XGBR,optuna,36,12
2020-01-02,1,10,shap,XLB,0.017910070276366707,XGBR,optuna,36,12
2020-01-02,1,10,shap,XLV,0.028595253549081403,XGBR,optuna,36,12
2020-01-02,1,10,shap,XLY,0.014459931596956046,XGBR,optuna,36,12
2020-01-02,1,10,shap,SPY,0.0,XGBR,optuna,36,12
2020-01-02,1,10,shap,XLU,0.03969522513660461,XGBR,optuna,36,12
2020-01-02,1,10,shap,IYR,0.035578861261465804,XGBR,optuna,36,12
2020-01-02,1,10,shap,VOX,0.016996359864750416,XGBR,optuna,36,12
2019-10-03,1,10,shap,XLB,0.019991864011320082,LGBMR,optuna,36,12
2019-10-03,1,10,shap,XLK,0.0209579359183006,LGBMR,optuna,36,12
2019-10-03,1,10,shap,XLI,0.02143773731904773,LGBMR,optuna,36,12
2019-10-03,1,10,shap,XLE,0.02686277138169687,LGBMR,optuna,36,12
2019-10-03,1,10,shap,XLF,0.02478644719418878,LGBMR,optuna,36,12
2019-10-03,1,10,shap,XLP,0.03469017912637436,LGBMR,optuna,36,12
2019-10-03,1,10,shap,XLY,0.015171565648153766,LGBMR,optuna,36,12
2019-10-03,1,10,shap,XLV,0.03208183920976058,LGBMR,optuna,36,12
2019-10-03,1,10,shap,SPY,0.0,LGBMR,optuna,36,12
2019-10-03,1,10,shap,XLU,0.04408098544627861,LGBMR,optuna,36,12
2019-10-03,1,10,shap,IYR,0.030908193680331944,LGBMR,optuna,36,12
2019-10-03,1,10,shap,VOX,0.020957507022132775,LGBMR,optuna,36,12
2019-11-01,1,10,shap,XLE,0.02943793264230868,LGBMR,optuna,36,12
2019-11-01,1,10,shap,XLB,0.020295553689863133,LGBMR,optuna,36,12
2019-11-01,1,10,shap,XLI,0.021626972536448595,LGBMR,optuna,36,12
2019-11-01,1,10,shap,XLK,0.022799715832390474,LGBMR,optuna,36,12
2019-11-01,1,10,shap,XLV,0.029685471685398222,LGBMR,optuna,36,12
2019-11-01,1,10,shap,XLY,0.016525292730942148,LGBMR,optuna,36,12
2019-11-01,1,10,shap,XLF,0.023660372835487217,LGBMR,optuna,36,12
2019-11-01,1,10,shap,XLP,0.034253162009085854,LGBMR,optuna,36,12
2019-11-01,1,10,shap,XLU,0.04439952843074394,LGBMR,optuna,36,12
2019-11-01,1,10,shap,SPY,0.0,LGBMR,optuna,36,12
2019-11-01,1,10,shap,IYR,0.033206239619284046,LGBMR,optuna,36,12
2019-11-01,1,10,shap,VOX,0.02056461773759003,LGBMR,optuna,36,12
2019-12-02,1,10,shap,XLE,0.02980603402794851,LGBMR,optuna,36,12
2019-12-02,1,10,shap,XLB,0.019792805140210406,LGBMR,optuna,36,12
2019-12-02,1,10,shap,XLK,0.021511017086913827,LGBMR,optuna,36,12
2019-12-02,1,10,shap,XLP,0.02007620072972735,LGBMR,optuna,36,12
2019-12-02,1,10,shap,XLY,0.014296608785814553,LGBMR,optuna,36,12
2019-12-02,1,10,shap,XLI,0.017920191754427803,LGBMR,optuna,36,12
2019-12-02,1,10,shap,XLV,0.03163709419393177,LGBMR,optuna,36,12
2019-12-02,1,10,shap,XLU,0.039154884886304794,LGBMR,optuna,36,12
2019-12-02,1,10,shap,XLF,0.024155189878274138,LGBMR,optuna,36,12
2019-12-02,1,10,shap,SPY,0.0,LGBMR,optuna,36,12
2019-12-02,1,10,shap,VOX,0.019368063131245776,LGBMR,optuna,36,12
2019-12-02,1,10,shap,IYR,0.0332453871878595,LGBMR,optuna,36,12
2020-01-02,1,10,shap,XLE,0.03021426901107505,LGBMR,optuna,36,12
2020-01-02,1,10,shap,XLI,0.01889576068379127,LGBMR,optuna,36,12
2020-01-02,1,10,shap,XLB,0.018655721819336453,LGBMR,optuna,36,12
2020-01-02,1,10,shap,XLF,0.022884089743029863,LGBMR,optuna,36,12
2020-01-02,1,10,shap,XLP,0.019343322307963155,LGBMR,optuna,36,12
2020-01-02,1,10,shap,XLY,0.014459931610638525,LGBMR,optuna,36,12
2020-01-02,1,10,shap,XLK,0.017830926821204508,LGBMR,optuna,36,12
2020-01-02,1,10,shap,XLV,0.02827920797090532,LGBMR,optuna,36,12
2020-01-02,1,10,shap,VOX,0.016943768632418588,LGBMR,optuna,36,12
2020-01-02,1,10,shap,SPY,0.0,LGBMR,optuna,36,12
2020-01-02,1,10,shap,XLU,0.04064387101850574,LGBMR,optuna,36,12
2020-01-02,1,10,shap,IYR,0.034546461371012194,LGBMR,optuna,36,12
2019-10-03,1,10,causal,SPY,0.0,XGBR,random,36,12
2019-10-03,1,10,causal,XLK,0.020436535005843977,XGBR,random,36,12
2019-10-03,1,10,causal,XLI,0.020677790691404338,XGBR,random,36,12
2019-10-03,1,10,causal,XLY,0.014996938307899032,XGBR,random,36,12
2019-10-03,1,10,causal,XLE,0.029354581072880342,XGBR,random,36,12
2019-10-03,1,10,causal,XLP,0.03162435438028534,XGBR,random,36,12
2019-10-03,1,10,causal,XLF,0.030683538511560818,XGBR,random,36,12
2019-10-03,1,10,causal,XLB,0.020290447331287327,XGBR,random,36,12
2019-10-03,1,10,causal,XLV,0.03167545350011078,XGBR,random,36,12
2019-10-03,1,10,causal,XLU,0.044619408297809256,XGBR,random,36,12
2019-10-03,1,10,causal,IYR,0.033029235006039916,XGBR,random,36,12
2019-10-03,1,10,causal,VOX,0.0208687999758294,XGBR,random,36,12
2019-11-01,1,10,causal,SPY,0.0,XGBR,random,36,12
2019-11-01,1,10,causal,XLK,0.021366330244444228,XGBR,random,36,12
2019-11-01,1,10,causal,XLB,0.019977682920646504,XGBR,random,36,12
2019-11-01,1,10,causal,XLI,0.02091312485257878,XGBR,random,36,12
2019-11-01,1,10,causal,XLY,0.016526656242001656,XGBR,random,36,12
2019-11-01,1,10,causal,XLE,0.02648848226040113,XGBR,random,36,12
2019-11-01,1,10,causal,XLP,0.03235026758073276,XGBR,random,36,12
2019-11-01,1,10,causal,XLF,0.028878093300855303,XGBR,random,36,12
2019-11-01,1,10,causal,XLV,0.032132288299703236,XGBR,random,36,12
2019-11-01,1,10,causal,XLU,0.038896089939996936,XGBR,random,36,12
2019-11-01,1,10,causal,VOX,0.02131742873539408,XGBR,random,36,12
2019-11-01,1,10,causal,IYR,0.032298581868946276,XGBR,random,36,12
2019-12-02,1,10,causal,SPY,0.0,XGBR,random,36,12
2019-12-02,1,10,causal,XLK,0.022436423462799504,XGBR,random,36,12
2019-12-02,1,10,causal,XLI,0.017217671517293993,XGBR,random,36,12
2019-12-02,1,10,causal,XLY,0.014388470168183889,XGBR,random,36,12
2019-12-02,1,10,causal,XLE,0.031630609756286364,XGBR,random,36,12
2019-12-02,1,10,causal,XLF,0.023867647059790588,XGBR,random,36,12
2019-12-02,1,10,causal,XLB,0.021057048916500842,XGBR,random,36,12
2019-12-02,1,10,causal,XLP,0.020077814651963576,XGBR,random,36,12
2019-12-02,1,10,causal,XLV,0.03150743509940211,XGBR,random,36,12
2019-12-02,1,10,causal,XLU,0.03639171945798274,XGBR,random,36,12
2019-12-02,1,10,causal,VOX,0.019304530125138875,XGBR,random,36,12
2019-12-02,1,10,causal,IYR,0.034651912151245495,XGBR,random,36,12
2020-01-02,1,10,causal,SPY,0.0,XGBR,random,36,12
2020-01-02,1,10,causal,XLK,0.016426448620276694,XGBR,random,36,12
2020-01-02,1,10,causal,XLY,0.014305072662189255,XGBR,random,36,12
2020-01-02,1,10,causal,XLI,0.01916739014279943,XGBR,random,36,12
2020-01-02,1,10,causal,XLE,0.0330536121636895,XGBR,random,36,12
2020-01-02,1,10,causal,XLB,0.017588128728703755,XGBR,random,36,12
2020-01-02,1,10,causal,XLF,0.024469122057813892,XGBR,random,36,12
2020-01-02,1,10,causal,XLP,0.019416455652012294,XGBR,random,36,12
2020-01-02,1,10,causal,XLV,0.027905438514459608,XGBR,random,36,12
2020-01-02,1,10,causal,XLU,0.03651071375488963,XGBR,random,36,12
2020-01-02,1,10,causal,IYR,0.029733125077915055,XGBR,random,36,12
2020-01-02,1,10,causal,VOX,0.016055202249916183,XGBR,random,36,12
2019-10-03,1,10,causal,XLE,0.03420613224560873,LGBMR,random,36,12
2019-10-03,1,10,causal,XLB,0.019991864011320082,LGBMR,random,36,12
2019-10-03,1,10,causal,XLI,0.021782252982658654,LGBMR,random,36,12
2019-10-03,1,10,causal,XLK,0.01943000373815921,LGBMR,random,36,12
2019-10-03,1,10,causal,XLF,0.025270066445857216,LGBMR,random,36,12
2019-10-03,1,10,causal,XLP,0.03160169744311554,LGBMR,random,36,12
2019-10-03,1,10,causal,XLY,0.015106645975508879,LGBMR,random,36,12
2019-10-03,1,10,causal,SPY,0.0,LGBMR,random,36,12
2019-10-03,1,10,causal,XLV,0.032147609654689546,LGBMR,random,36,12
2019-10-03,1,10,causal,XLU,0.04407648002648208,LGBMR,random,36,12
2019-10-03,1,10,causal,IYR,0.02759971517113548,LGBMR,random,36,12
2019-10-03,1,10,causal,VOX,0.019377145150413302,LGBMR,random,36,12
2019-11-01,1,10,causal,XLE,0.031012204748104642,LGBMR,random,36,12
2019-11-01,1,10,causal,XLB,0.019828224578415734,LGBMR,random,36,12
2019-11-01,1,10,causal,XLI,0.021410274660339186,LGBMR,random,36,12
2019-11-01,1,10,causal,XLK,0.02158885310330101,LGBMR,random,36,12
2019-11-01,1,10,causal,XLF,0.02389200762935322,LGBMR,random,36,12
2019-11-01,1,10,causal,XLP,0.031478912944567436,LGBMR,random,36,12
2019-11-01,1,10,causal,XLY,0.016525292730942148,LGBMR,random,36,12
2019-11-01,1,10,causal,SPY,0.0,LGBMR,random,36,12
2019-11-01,1,10,causal,XLV,0.03187883137745372,LGBMR,random,36,12
2019-11-01,1,10,causal,IYR,0.02792842893307536,LGBMR,random,36,12
2019-11-01,1,10,causal,XLU,0.04456308692904939,LGBMR,random,36,12
2019-11-01,1,10,causal,VOX,0.018280311606152563,LGBMR,random,36,12
2019-12-02,1,10,causal,XLE,0.028433312431781092,LGBMR,random,36,12
2019-12-02,1,10,causal,XLB,0.019866021638673226,LGBMR,random,36,12
2019-12-02,1,10,causal,XLI,0.01753456238067788,LGBMR,random,36,12
2019-12-02,1,10,causal,XLK,0.021286695701614396,LGBMR,random,36,12
2019-12-02,1,10,causal,XLP,0.02007620072972735,LGBMR,random,36,12
2019-12-02,1,10,causal,XLF,0.02359414177041502,LGBMR,random,36,12
2019-12-02,1,10,causal,XLY,0.014520137781666458,LGBMR,random,36,12
2019-12-02,1,10,causal,SPY,0.0,LGBMR,random,36,12
2019-12-02,1,10,causal,XLV,0.03385247440158071,LGBMR,random,36,12
2019-12-02,1,10,causal,IYR,0.03160492463267188,LGBMR,random,36,12
2019-12-02,1,10,causal,XLU,0.03907607438565711,LGBMR,random,36,12
2019-12-02,1,10,causal,VOX,0.01926928636289822,LGBMR,random,36,12
2020-01-02,1,10,causal,XLB,0.01823828859581581,LGBMR,random,36,12
2020-01-02,1,10,causal,XLE,0.03327127365535515,LGBMR,random,36,12
2020-01-02,1,10,causal,XLI,0.018761784137436358,LGBMR,random,36,12
2020-01-02,1,10,causal,XLK,0.018136769828000405,LGBMR,random,36,12
2020-01-02,1,10,causal,XLF,0.022576739875071014,LGBMR,random,36,12
2020-01-02,1,10,causal,XLP,0.020051676071135484,LGBMR,random,36,12
2020-01-02,1,10,causal,XLY,0.014459931610638525,LGBMR,random,36,12
2020-01-02,1,10,causal,SPY,0.0,LGBMR,random,36,12
2020-01-02,1,10,causal,XLV,0.02788386643961181,LGBMR,random,36,12
2020-01-02,1,10,causal,XLU,0.0388343582423865,LGBMR,random,36,12
2020-01-02,1,10,causal,IYR,0.02966791200910298,LGBMR,random,36,12
2020-01-02,1,10,causal,VOX,0.016943768632418588,LGBMR,random,36,12
2019-10-03,1,10,causal,XLE,0.03419412331423509,XGBR,optuna,36,12
2019-10-03,1,10,causal,XLK,0.020596936194501814,XGBR,optuna,36,12
2019-10-03,1,10,causal,XLP,0.03177945537571742,XGBR,optuna,36,12
2019-10-03,1,10,causal,XLF,0.024828247254177132,XGBR,optuna,36,12
2019-10-03,1,10,causal,XLB,0.019986363431647468,XGBR,optuna,36,12
2019-10-03,1,10,causal,XLY,0.015110960987053139,XGBR,optuna,36,12
2019-10-03,1,10,causal,XLU,0.04465341213933633,XGBR,optuna,36,12
2019-10-03,1,10,causal,XLI,0.02192300944176391,XGBR,optuna,36,12
2019-10-03,1,10,causal,IYR,0.03601038220529803,XGBR,optuna,36,12
2019-10-03,1,10,causal,SPY,0.0,XGBR,optuna,36,12
2019-10-03,1,10,causal,VOX,0.020631511125982802,XGBR,optuna,36,12
2019-10-03,1,10,causal,XLV,0.032357186529917,XGBR,optuna,36,12
2019-11-01,1,10,causal,XLE,0.03481544000423607,XGBR,optuna,36,12
2019-11-01,1,10,causal,XLF,0.023605182346827177,XGBR,optuna,36,12
2019-11-01,1,10,causal,XLI,0.021724073131384497,XGBR,optuna,36,12
2019-11-01,1,10,causal,XLB,0.019828743450645073,XGBR,optuna,36,12
2019-11-01,1,10,causal,XLV,0.03250879133399948,XGBR,optuna,36,12
2019-11-01,1,10,causal,SPY,0.0,XGBR,optuna,36,12
2019-11-01,1,10,causal,XLK,0.020799989217764422,XGBR,optuna,36,12
2019-11-01,1,10,causal,XLU,0.045106121656330045,XGBR,optuna,36,12
2019-11-01,1,10,causal,XLY,0.016533129947242306,XGBR,optuna,36,12
2019-11-01,1,10,causal,XLP,0.03238859774586742,XGBR,optuna,36,12
2019-11-01,1,10,causal,VOX,0.01845907079247345,XGBR,optuna,36,12
2019-11-01,1,10,causal,IYR,0.03650730084183502,XGBR,optuna,36,12
2019-12-02,1,10,causal,XLE,0.031232174362104476,XGBR,optuna,36,12
2019-12-02,1,10,causal,XLF,0.025251563517062807,XGBR,optuna,36,12
2019-12-02,1,10,causal,XLI,0.01809133413301891,XGBR,optuna,36,12
2019-12-02,1,10,causal,XLB,0.01889359014875762,XGBR,optuna,36,12
2019-12-02,1,10,causal,XLP,0.020079462997450222,XGBR,optuna,36,12
2019-12-02,1,10,causal,XLK,0.020799364455007848,XGBR,optuna,36,12
2019-12-02,1,10,causal,XLV,0.032873604227908367,XGBR,optuna,36,12
2019-12-02,1,10,causal,XLY,0.014520137762489513,XGBR,optuna,36,12
2019-12-02,1,10,causal,SPY,0.0,XGBR,optuna,36,12
2019-12-02,1,10,causal,XLU,0.039171614532196336,XGBR,optuna,36,12
2019-12-02,1,10,causal,VOX,0.018019587832668795,XGBR,optuna,36,12
2019-12-02,1,10,causal,IYR,0.036173791511548134,XGBR,optuna,36,12
2020-01-02,1,10,causal,XLK,0.017648212219960265,XGBR,optuna,36,12
2020-01-02,1,10,causal,XLB,0.017909090930722668,XGBR,optuna,36,12
2020-01-02,1,10,causal,XLE,0.03358942335953828,XGBR,optuna,36,12
2020-01-02,1,10,causal,XLP,0.02002198714513022,XGBR,optuna,36,12
2020-01-02,1,10,causal,XLY,0.014459931596956046,XGBR,optuna,36,12
2020-01-02,1,10,causal,XLI,0.0193600746966598,XGBR,optuna,36,12
2020-01-02,1,10,causal,XLF,0.02289380014083189,XGBR,optuna,36,12
2020-01-02,1,10,causal,SPY,0.0,XGBR,optuna,36,12
2020-01-02,1,10,causal,XLU,0.03867911466329027,XGBR,optuna,36,12
2020-01-02,1,10,causal,XLV,0.02860121647341618,XGBR,optuna,36,12
2020-01-02,1,10,causal,VOX,0.01704631347545449,XGBR,optuna,36,12
2020-01-02,1,10,causal,IYR,0.03557066463465238,XGBR,optuna,36,12
2019-10-03,1,10,causal,XLK,0.01898500742624521,LGBMR,optuna,36,12
2019-10-03,1,10,causal,XLF,0.024921363056678462,LGBMR,optuna,36,12
2019-10-03,1,10,causal,XLE,0.03342935117819955,LGBMR,optuna,36,12
2019-10-03,1,10,causal,XLB,0.019991864011320082,LGBMR,optuna,36,12
2019-10-03,1,10,causal,XLP,0.031574298211818945,LGBMR,optuna,36,12
2019-10-03,1,10,causal,XLI,0.02149146649284158,LGBMR,optuna,36,12
2019-10-03,1,10,causal,XLY,0.01502593700687304,LGBMR,optuna,36,12
2019-10-03,1,10,causal,XLU,0.04408089063768698,LGBMR,optuna,36,12
2019-10-03,1,10,causal,XLV,0.03168643239726281,LGBMR,optuna,36,12
2019-10-03,1,10,causal,IYR,0.028772310531685413,LGBMR,optuna,36,12
2019-10-03,1,10,causal,SPY,0.0,LGBMR,optuna,36,12
2019-10-03,1,10,causal,VOX,0.02262333845139523,LGBMR,optuna,36,12
2019-11-01,1,10,causal,XLE,0.03424402409233314,LGBMR,optuna,36,12
2019-11-01,1,10,causal,XLB,0.019828224578415734,LGBMR,optuna,36,12
2019-11-01,1,10,causal,XLI,0.021374628799143976,LGBMR,optuna,36,12
2019-11-01,1,10,causal,XLY,0.016525292730942148,LGBMR,optuna,36,12
2019-11-01,1,10,causal,XLF,0.023586482190008033,LGBMR,optuna,36,12
2019-11-01,1,10,causal,XLK,0.021514894748653726,LGBMR,optuna,36,12
2019-11-01,1,10,causal,XLP,0.031863587881459376,LGBMR,optuna,36,12
2019-11-01,1,10,causal,XLU,0.04440354246892052,LGBMR,optuna,36,12
2019-11-01,1,10,causal,XLV,0.0325658970426416,LGBMR,optuna,36,12
2019-11-01,1,10,causal,SPY,0.0,LGBMR,optuna,36,12
2019-11-01,1,10,causal,IYR,0.02901036312459048,LGBMR,optuna,36,12
2019-11-01,1,10,causal,VOX,0.018280311606152563,LGBMR,optuna,36,12
2019-12-02,1,10,causal,XLB,0.019575467184556113,LGBMR,optuna,36,12
2019-12-02,1,10,causal,XLF,0.02375072390248469,LGBMR,optuna,36,12
2019-12-02,1,10,causal,XLE,0.02721348576241629,LGBMR,optuna,36,12
2019-12-02,1,10,causal,XLI,0.017390627703706044,LGBMR,optuna,36,12
2019-12-02,1,10,causal,XLY,0.014520137781666458,LGBMR,optuna,36,12
2019-12-02,1,10,causal,XLK,0.021226544829180627,LGBMR,optuna,36,12
2019-12-02,1,10,causal,XLP,0.02007620072972735,LGBMR,optuna,36,12
2019-12-02,1,10,causal,SPY,0.0,LGBMR,optuna,36,12
2019-12-02,1,10,causal,XLV,0.03340941566454014,LGBMR,optuna,36,12
2019-12-02,1,10,causal,XLU,0.039157352027953125,LGBMR,optuna,36,12
2019-12-02,1,10,causal,IYR,0.0315084430671581,LGBMR,optuna,36,12
2019-12-02,1,10,causal,VOX,0.019827294183346434,LGBMR,optuna,36,12
2020-01-02,1,10,causal,XLB,0.017960694623481134,LGBMR,optuna,36,12
2020-01-02,1,10,causal,XLI,0.0191098399819054,LGBMR,optuna,36,12
2020-01-02,1,10,causal,XLE,0.03297348655180601,LGBMR,optuna,36,12
2020-01-02,1,10,causal,XLF,0.022884089743029863,LGBMR,optuna,36,12
2020-01-02,1,10,causal,XLY,0.014459931610638525,LGBMR,optuna,36,12
2020-01-02,1,10,causal,XLP,0.019817022955949906,LGBMR,optuna,36,12
2020-01-02,1,10,causal,XLK,0.018183828905375156,LGBMR,optuna,36,12
2020-01-02,1,10,causal,SPY,0.0,LGBMR,optuna,36,12
2020-01-02,1,10,causal,XLV,0.028470770716071837,LGBMR,optuna,36,12
2020-01-02,1,10,causal,VOX,0.016943768632418588,LGBMR,optuna,36,12
2020-01-02,1,10,causal,IYR,0.02992385708335151,LGBMR,optuna,36,12
2020-01-02,1,10,causal,XLU,0.03888284532103716,LGBMR,optuna,36,12
2019-10-03,1,20,shap,SPY,0.0,XGBR,random,36,12
2019-10-03,1,20,shap,XLK,0.021166347029307468,XGBR,random,36,12
2019-10-03,1,20,shap,XLI,0.019641442454404134,XGBR,random,36,12
2019-10-03,1,20,shap,XLF,0.02399612321573969,XGBR,random,36,12
2019-10-03,1,20,shap,XLY,0.015108390277919506,XGBR,random,36,12
2019-10-03,1,20,shap,XLP,0.03347078076959566,XGBR,random,36,12
2019-10-03,1,20,shap,XLB,0.02041583071071723,XGBR,random,36,12
2019-10-03,1,20,shap,IYR,0.03055006731957964,XGBR,random,36,12
2019-10-03,1,20,shap,XLE,0.03426507935229916,XGBR,random,36,12
2019-10-03,1,20,shap,XLU,0.04644338527432125,XGBR,random,36,12
2019-10-03,1,20,shap,XLV,0.031352699388026914,XGBR,random,36,12
2019-10-03,1,20,shap,VOX,0.02131472772540447,XGBR,random,36,12
2019-11-01,1,20,shap,SPY,0.0,XGBR,random,36,12
2019-11-01,1,20,shap,XLI,0.020934009185649805,XGBR,random,36,12
2019-11-01,1,20,shap,XLK,0.021586974663010117,XGBR,random,36,12
2019-11-01,1,20,shap,XLB,0.019674513450706952,XGBR,random,36,12
2019-11-01,1,20,shap,XLF,0.022870882485622045,XGBR,random,36,12
2019-11-01,1,20,shap,XLP,0.03235026758073276,XGBR,random,36,12
2019-11-01,1,20,shap,XLE,0.03397402570214851,XGBR,random,36,12
2019-11-01,1,20,shap,XLY,0.016526656242001656,XGBR,random,36,12
2019-11-01,1,20,shap,IYR,0.033304347663406286,XGBR,random,36,12
2019-11-01,1,20,shap,XLV,0.03048887253783414,XGBR,random,36,12
2019-11-01,1,20,shap,VOX,0.022731327102622073,XGBR,random,36,12
2019-11-01,1,20,shap,XLU,0.047568710871622254,XGBR,random,36,12
2019-12-02,1,20,shap,SPY,0.0,XGBR,random,36,12
2019-12-02,1,20,shap,XLK,0.02067236907544048,XGBR,random,36,12
2019-12-02,1,20,shap,XLB,0.01936726785380085,XGBR,random,36,12
2019-12-02,1,20,shap,XLI,0.017031136965886748,XGBR,random,36,12
2019-12-02,1,20,shap,XLP,0.020077814651963576,XGBR,random,36,12
2019-12-02,1,20,shap,XLF,0.02769378804435284,XGBR,random,36,12
2019-12-02,1,20,shap,XLE,0.03532324627363393,XGBR,random,36,12
2019-12-02,1,20,shap,XLY,0.014521417383149302,XGBR,random,36,12
2019-12-02,1,20,shap,XLV,0.03207143961343405,XGBR,random,36,12
2019-12-02,1,20,shap,VOX,0.01854185272842143,XGBR,random,36,12
2019-12-02,1,20,shap,XLU,0.040826705042431806,XGBR,random,36,12
2019-12-02,1,20,shap,IYR,0.03000446386909108,XGBR,random,36,12
2020-01-02,1,20,shap,SPY,0.0,XGBR,random,36,12
2020-01-02,1,20,shap,XLK,0.018046170637370053,XGBR,random,36,12
2020-01-02,1,20,shap,XLI,0.01825919982573539,XGBR,random,36,12
2020-01-02,1,20,shap,XLF,0.022997593676218616,XGBR,random,36,12
2020-01-02,1,20,shap,XLB,0.018690507204780764,XGBR,random,36,12
2020-01-02,1,20,shap,XLP,0.02003639064707977,XGBR,random,36,12
2020-01-02,1,20,shap,XLE,0.03363682912520568,XGBR,random,36,12
2020-01-02,1,20,shap,XLY,0.01446228521413736,XGBR,random,36,12
2020-01-02,1,20,shap,XLV,0.02830554071683046,XGBR,random,36,12
2020-01-02,1,20,shap,XLU,0.038193914756218784,XGBR,random,36,12
2020-01-02,1,20,shap,IYR,0.027614232021850964,XGBR,random,36,12
2020-01-02,1,20,shap,VOX,0.017461360663268626,XGBR,random,36,12
2019-10-03,1,20,shap,XLE,0.03104513707080729,LGBMR,random,36,12
2019-10-03,1,20,shap,XLB,0.019991864011320082,LGBMR,random,36,12
2019-10-03,1,20,shap,XLI,0.02159308825832238,LGBMR,random,36,12
2019-10-03,1,20,shap,XLK,0.021281591535998314,LGBMR,random,36,12
2019-10-03,1,20,shap,XLF,0.02418356332423901,LGBMR,random,36,12
2019-10-03,1,20,shap,XLP,0.03160169744311554,LGBMR,random,36,12
2019-10-03,1,20,shap,XLY,0.015106645975508879,LGBMR,random,36,12
2019-10-03,1,20,shap,SPY,0.0,LGBMR,random,36,12
2019-10-03,1,20,shap,XLV,0.031992239440173445,LGBMR,random,36,12
2019-10-03,1,20,shap,XLU,0.04407796492187967,LGBMR,random,36,12
2019-10-03,1,20,shap,IYR,0.033100596917705616,LGBMR,random,36,12
2019-10-03,1,20,shap,VOX,0.019363076336804074,LGBMR,random,36,12
2019-11-01,1,20,shap,XLE,0.030368935354370605,LGBMR,random,36,12
2019-11-01,1,20,shap,XLI,0.020906832988728145,LGBMR,random,36,12
2019-11-01,1,20,shap,XLB,0.019828224578415734,LGBMR,random,36,12
2019-11-01,1,20,shap,XLK,0.022387909191932665,LGBMR,random,36,12
2019-11-01,1,20,shap,XLF,0.023683377779097563,LGBMR,random,36,12
2019-11-01,1,20,shap,XLP,0.0323394414264145,LGBMR,random,36,12
2019-11-01,1,20,shap,XLY,0.016525292730942148,LGBMR,random,36,12
2019-11-01,1,20,shap,SPY,0.0,LGBMR,random,36,12
2019-11-01,1,20,shap,XLV,0.031733528734629333,LGBMR,random,36,12
2019-11-01,1,20,shap,XLU,0.04457284980353852,LGBMR,random,36,12
2019-11-01,1,20,shap,IYR,0.03292675768023654,LGBMR,random,36,12
2019-11-01,1,20,shap,VOX,0.022143091226732425,LGBMR,random,36,12
2019-12-02,1,20,shap,XLE,0.03299624843151708,LGBMR,random,36,12
2019-12-02,1,20,shap,XLB,0.018891100701001307,LGBMR,random,36,12
2019-12-02,1,20,shap,XLI,0.01710361906926671,LGBMR,random,36,12
2019-12-02,1,20,shap,XLK,0.020841241061255043,LGBMR,random,36,12
2019-12-02,1,20,shap,XLF,0.02281068331183166,LGBMR,random,36,12
2019-12-02,1,20,shap,XLY,0.014520137781666458,LGBMR,random,36,12
2019-12-02,1,20,shap,XLP,0.02007620072972735,LGBMR,random,36,12
2019-12-02,1,20,shap,SPY,0.0,LGBMR,random,36,12
2019-12-02,1,20,shap,XLV,0.031831209970355594,LGBMR,random,36,12
2019-12-02,1,20,shap,XLU,0.039060257399954085,LGBMR,random,36,12
2019-12-02,1,20,shap,VOX,0.017988970378545487,LGBMR,random,36,12
2019-12-02,1,20,shap,IYR,0.03469229508182619,LGBMR,random,36,12
2020-01-02,1,20,shap,XLE,0.02999795789754986,LGBMR,random,36,12
2020-01-02,1,20,shap,XLB,0.017907756881647308,LGBMR,random,36,12
2020-01-02,1,20,shap,XLI,0.019106806959396545,LGBMR,random,36,12
2020-01-02,1,20,shap,XLK,0.018392504515155002,LGBMR,random,36,12
2020-01-02,1,20,shap,XLF,0.023064151445733323,LGBMR,random,36,12
2020-01-02,1,20,shap,XLP,0.020051676071135484,LGBMR,random,36,12
2020-01-02,1,20,shap,XLY,0.014459931610638525,LGBMR,random,36,12
2020-01-02,1,20,shap,SPY,0.0,LGBMR,random,36,12
2020-01-02,1,20,shap,XLV,0.02843269568063205,LGBMR,random,36,12
2020-01-02,1,20,shap,IYR,0.03262255886841474,LGBMR,random,36,12
2020-01-02,1,20,shap,VOX,0.016943768632418588,LGBMR,random,36,12
2020-01-02,1,20,shap,XLU,0.040143759162571825,LGBMR,random,36,12
2019-10-03,1,20,shap,XLE,0.03441743968615989,XGBR,optuna,36,12
2019-10-03,1,20,shap,XLB,0.019987759111625158,XGBR,optuna,36,12
2019-10-03,1,20,shap,XLI,0.021933553246614102,XGBR,optuna,36,12
2019-10-03,1,20,shap,XLF,0.024792127857527203,XGBR,optuna,36,12
2019-10-03,1,20,shap,XLY,0.015088017450456251,XGBR,optuna,36,12
2019-10-03,1,20,shap,XLV,0.032348113404770826,XGBR,optuna,36,12
2019-10-03,1,20,shap,SPY,0.0,XGBR,optuna,36,12
2019-10-03,1,20,shap,VOX,0.021652520929454726,XGBR,optuna,36,12
2019-10-03,1,20,shap,XLP,0.03182480463993218,XGBR,optuna,36,12
2019-10-03,1,20,shap,XLK,0.020596449358353544,XGBR,optuna,36,12
2019-10-03,1,20,shap,IYR,0.03751486252474144,XGBR,optuna,36,12
2019-10-03,1,20,shap,XLU,0.044619414719442974,XGBR,optuna,36,12
2019-11-01,1,20,shap,XLE,0.034726018576199745,XGBR,optuna,36,12
2019-11-01,1,20,shap,XLI,0.021724073131384497,XGBR,optuna,36,12
2019-11-01,1,20,shap,XLB,0.01982938495380124,XGBR,optuna,36,12
2019-11-01,1,20,shap,SPY,0.0,XGBR,optuna,36,12
2019-11-01,1,20,shap,XLF,0.023613666453859112,XGBR,optuna,36,12
2019-11-01,1,20,shap,XLK,0.020801603529615357,XGBR,optuna,36,12
2019-11-01,1,20,shap,XLV,0.03267383025582455,XGBR,optuna,36,12
2019-11-01,1,20,shap,IYR,0.03657601934006015,XGBR,optuna,36,12
2019-11-01,1,20,shap,XLP,0.03245394474193608,XGBR,optuna,36,12
2019-11-01,1,20,shap,XLY,0.01648487492497257,XGBR,optuna,36,12
2019-11-01,1,20,shap,XLU,0.04922437634448427,XGBR,optuna,36,12
2019-11-01,1,20,shap,VOX,0.02081212618680577,XGBR,optuna,36,12
2019-12-02,1,20,shap,XLE,0.033079196200244985,XGBR,optuna,36,12
2019-12-02,1,20,shap,XLB,0.018912497906858595,XGBR,optuna,36,12
2019-12-02,1,20,shap,XLI,0.018092409052778445,XGBR,optuna,36,12
2019-12-02,1,20,shap,SPY,0.0,XGBR,optuna,36,12
2019-12-02,1,20,shap,XLF,0.023004510676436173,XGBR,optuna,36,12
2019-12-02,1,20,shap,XLP,0.02010238549714593,XGBR,optuna,36,12
2019-12-02,1,20,shap,XLY,0.014520137762489513,XGBR,optuna,36,12
2019-12-02,1,20,shap,XLK,0.020847033693068704,XGBR,optuna,36,12
2019-12-02,1,20,shap,VOX,0.01805147072477483,XGBR,optuna,36,12
2019-12-02,1,20,shap,XLU,0.03905280311102728,XGBR,optuna,36,12
2019-12-02,1,20,shap,XLV,0.032901724779451615,XGBR,optuna,36,12
2019-12-02,1,20,shap,IYR,0.031151747880820424,XGBR,optuna,36,12
2020-01-02,1,20,shap,XLB,0.01790775688414295,XGBR,optuna,36,12
2020-01-02,1,20,shap,XLE,0.03361151827399449,XGBR,optuna,36,12
2020-01-02,1,20,shap,XLI,0.01937852339412742,XGBR,optuna,36,12
2020-01-02,1,20,shap,XLF,0.022897078654393808,XGBR,optuna,36,12
2020-01-02,1,20,shap,XLP,0.020020871517289745,XGBR,optuna,36,12
2020-01-02,1,20,shap,XLK,0.01777010520990891,XGBR,optuna,36,12
2020-01-02,1,20,shap,SPY,0.0,XGBR,optuna,36,12
2020-01-02,1,20,shap,XLU,0.03861217365708305,XGBR,optuna,36,12
2020-01-02,1,20,shap,XLV,0.028544552660897178,XGBR,optuna,36,12
2020-01-02,1,20,shap,XLY,0.014488494319234246,XGBR,optuna,36,12
2020-01-02,1,20,shap,VOX,0.017478734622861626,XGBR,optuna,36,12
2020-01-02,1,20,shap,IYR,0.035564640118027145,XGBR,optuna,36,12
2019-10-03,1,20,shap,XLE,0.02951159097447902,LGBMR,optuna,36,12
2019-10-03,1,20,shap,XLB,0.019991864011320082,LGBMR,optuna,36,12
2019-10-03,1,20,shap,XLF,0.02478644719418878,LGBMR,optuna,36,12
2019-10-03,1,20,shap,XLI,0.021290907899776796,LGBMR,optuna,36,12
2019-10-03,1,20,shap,XLY,0.015106645975508879,LGBMR,optuna,36,12
2019-10-03,1,20,shap,XLK,0.021116838754428248,LGBMR,optuna,36,12
2019-10-03,1,20,shap,XLU,0.044075533384288074,LGBMR,optuna,36,12
2019-10-03,1,20,shap,XLP,0.03423196116223441,LGBMR,optuna,36,12
2019-10-03,1,20,shap,SPY,0.0,LGBMR,optuna,36,12
2019-10-03,1,20,shap,VOX,0.01945070046438165,LGBMR,optuna,36,12
2019-10-03,1,20,shap,XLV,0.03193999529041529,LGBMR,optuna,36,12
2019-10-03,1,20,shap,IYR,0.03232201592945669,LGBMR,optuna,36,12
2019-11-01,1,20,shap,XLB,0.0199680438412396,LGBMR,optuna,36,12
2019-11-01,1,20,shap,XLK,0.021818666694392766,LGBMR,optuna,36,12
2019-11-01,1,20,shap,XLE,0.030565261854220493,LGBMR,optuna,36,12
2019-11-01,1,20,shap,XLI,0.02110809128631215,LGBMR,optuna,36,12
2019-11-01,1,20,shap,XLF,0.0235207217284408,LGBMR,optuna,36,12
2019-11-01,1,20,shap,XLP,0.0323394414264145,LGBMR,optuna,36,12
2019-11-01,1,20,shap,XLY,0.016525292730942148,LGBMR,optuna,36,12
2019-11-01,1,20,shap,XLU,0.04438202542400052,LGBMR,optuna,36,12
2019-11-01,1,20,shap,SPY,0.0,LGBMR,optuna,36,12
2019-11-01,1,20,shap,XLV,0.03215196178895422,LGBMR,optuna,36,12
2019-11-01,1,20,shap,VOX,0.022465461747242815,LGBMR,optuna,36,12
2019-11-01,1,20,shap,IYR,0.03160883796066218,LGBMR,optuna,36,12
2019-12-02,1,20,shap,XLB,0.01926286732045074,LGBMR,optuna,36,12
2019-12-02,1,20,shap,XLE,0.03189907416952452,LGBMR,optuna,36,12
2019-12-02,1,20,shap,XLI,0.01752257628492209,LGBMR,optuna,36,12
2019-12-02,1,20,shap,XLF,0.02317427052845813,LGBMR,optuna,36,12
2019-12-02,1,20,shap,XLK,0.021081960514590957,LGBMR,optuna,36,12
2019-12-02,1,20,shap,XLY,0.014520137781666458,LGBMR,optuna,36,12
2019-12-02,1,20,shap,XLP,0.02032567564856108,LGBMR,optuna,36,12
2019-12-02,1,20,shap,XLU,0.039161717416251095,LGBMR,optuna,36,12
2019-12-02,1,20,shap,IYR,0.03278960959305497,LGBMR,optuna,36,12
2019-12-02,1,20,shap,SPY,0.0,LGBMR,optuna,36,12
2019-12-02,1,20,shap,XLV,0.03239333229667199,LGBMR,optuna,36,12
2019-12-02,1,20,shap,VOX,0.017988970378545487,LGBMR,optuna,36,12
2020-01-02,1,20,shap,XLE,0.03313794113228749,LGBMR,optuna,36,12
2020-01-02,1,20,shap,XLB,0.018696823602407403,LGBMR,optuna,36,12
2020-01-02,1,20,shap,XLI,0.019165394966791417,LGBMR,optuna,36,12
2020-01-02,1,20,shap,XLK,0.0184109635666921,LGBMR,optuna,36,12
2020-01-02,1,20,shap,XLF,0.02283850417826763,LGBMR,optuna,36,12
2020-01-02,1,20,shap,XLY,0.014459931610638525,LGBMR,optuna,36,12
2020-01-02,1,20,shap,XLP,0.01937483069738226,LGBMR,optuna,36,12
2020-01-02,1,20,shap,SPY,0.0,LGBMR,optuna,36,12
2020-01-02,1,20,shap,VOX,0.016943768632418588,LGBMR,optuna,36,12
2020-01-02,1,20,shap,IYR,0.03167933800547797,LGBMR,optuna,36,12
2020-01-02,1,20,shap,XLU,0.04037142985089341,LGBMR,optuna,36,12
2020-01-02,1,20,shap,XLV,0.028760815038683267,LGBMR,optuna,36,12
2019-10-03,1,20,causal,SPY,0.0,XGBR,random,36,12
2019-10-03,1,20,causal,XLB,0.019991793047482338,XGBR,random,36,12
2019-10-03,1,20,causal,XLI,0.02078110312476168,XGBR,random,36,12
2019-10-03,1,20,causal,XLK,0.02091609073272669,XGBR,random,36,12
2019-10-03,1,20,causal,XLY,0.015108390277919506,XGBR,random,36,12
2019-10-03,1,20,causal,XLF,0.02680781198953932,XGBR,random,36,12
2019-10-03,1,20,causal,XLE,0.03426507935229916,XGBR,random,36,12
2019-10-03,1,20,causal,XLP,0.03162435438028534,XGBR,random,36,12
2019-10-03,1,20,causal,XLV,0.03066923854388217,XGBR,random,36,12
2019-10-03,1,20,causal,XLU,0.03812339961644013,XGBR,random,36,12
2019-10-03,1,20,causal,VOX,0.020084037890282,XGBR,random,36,12
2019-10-03,1,20,causal,IYR,0.03336768956211679,XGBR,random,36,12
2019-11-01,1,20,causal,SPY,0.0,XGBR,random,36,12
2019-11-01,1,20,causal,XLK,0.02317782648855776,XGBR,random,36,12
2019-11-01,1,20,causal,XLY,0.016526656242001656,XGBR,random,36,12
2019-11-01,1,20,causal,XLI,0.020244046872712064,XGBR,random,36,12
2019-11-01,1,20,causal,XLP,0.03270852816736004,XGBR,random,36,12
2019-11-01,1,20,causal,XLB,0.019828221361577143,XGBR,random,36,12
2019-11-01,1,20,causal,XLF,0.02709313647202184,XGBR,random,36,12
2019-11-01,1,20,causal,XLE,0.02801370139208583,XGBR,random,36,12
2019-11-01,1,20,causal,XLV,0.03218387479932691,XGBR,random,36,12
2019-11-01,1,20,causal,IYR,0.029815873483082813,XGBR,random,36,12
2019-11-01,1,20,causal,XLU,0.041445527194708065,XGBR,random,36,12
2019-11-01,1,20,causal,VOX,0.02294785194705218,XGBR,random,36,12
2019-12-02,1,20,causal,SPY,0.0,XGBR,random,36,12
2019-12-02,1,20,causal,XLI,0.016486826090031582,XGBR,random,36,12
2019-12-02,1,20,causal,XLK,0.020532070724299575,XGBR,random,36,12
2019-12-02,1,20,causal,XLY,0.014521417383149302,XGBR,random,36,12
2019-12-02,1,20,causal,XLF,0.025512815184244985,XGBR,random,36,12
2019-12-02,1,20,causal,XLB,0.01889236090044731,XGBR,random,36,12
2019-12-02,1,20,causal,XLP,0.020077814651963576,XGBR,random,36,12
2019-12-02,1,20,causal,XLE,0.028052369856580356,XGBR,random,36,12
2019-12-02,1,20,causal,IYR,0.02905442108091,XGBR,random,36,12
2019-12-02,1,20,causal,XLV,0.03217625574071909,XGBR,random,36,12
2019-12-02,1,20,causal,VOX,0.018357300568236652,XGBR,random,36,12
2019-12-02,1,20,causal,XLU,0.03694712145100105,XGBR,random,36,12
2020-01-02,1,20,causal,SPY,0.0,XGBR,random,36,12
2020-01-02,1,20,causal,XLK,0.017300856952136397,XGBR,random,36,12
2020-01-02,1,20,causal,XLI,0.01828588702475625,XGBR,random,36,12
2020-01-02,1,20,causal,XLY,0.01446228521413736,XGBR,random,36,12
2020-01-02,1,20,causal,XLB,0.01884098887324381,XGBR,random,36,12
2020-01-02,1,20,causal,XLE,0.0295297469710955,XGBR,random,36,12
2020-01-02,1,20,causal,XLF,0.024652439982585955,XGBR,random,36,12
2020-01-02,1,20,causal,XLP,0.02003639064707977,XGBR,random,36,12
2020-01-02,1,20,causal,XLV,0.027699829780209958,XGBR,random,36,12
2020-01-02,1,20,causal,VOX,0.017740395013501917,XGBR,random,36,12
2020-01-02,1,20,causal,XLU,0.03577992097684396,XGBR,random,36,12
2020-01-02,1,20,causal,IYR,0.030566653366927685,XGBR,random,36,12
2019-10-03,1,20,causal,XLE,0.030064643221593426,LGBMR,random,36,12
2019-10-03,1,20,causal,XLB,0.019991864011320082,LGBMR,random,36,12
2019-10-03,1,20,causal,XLI,0.02170476109640163,LGBMR,random,36,12
2019-10-03,1,20,causal,XLK,0.021002577881840654,LGBMR,random,36,12
2019-10-03,1,20,causal,XLF,0.024693545060516565,LGBMR,random,36,12
2019-10-03,1,20,causal,XLP,0.03160169744311554,LGBMR,random,36,12
2019-10-03,1,20,causal,XLY,0.015106645975508879,LGBMR,random,36,12
2019-10-03,1,20,causal,SPY,0.0,LGBMR,random,36,12
2019-10-03,1,20,causal,XLV,0.03141844866914811,LGBMR,random,36,12
2019-10-03,1,20,causal,XLU,0.044075346070601436,LGBMR,random,36,12
2019-10-03,1,20,causal,IYR,0.029504496016966853,LGBMR,random,36,12
2019-10-03,1,20,causal,VOX,0.018987146876841797,LGBMR,random,36,12
2019-11-01,1,20,causal,XLE,0.032101113688918305,LGBMR,random,36,12
2019-11-01,1,20,causal,XLB,0.019828224578415734,LGBMR,random,36,12
2019-11-01,1,20,causal,XLI,0.021261445496218535,LGBMR,random,36,12
2019-11-01,1,20,causal,XLK,0.021816213544005557,LGBMR,random,36,12
2019-11-01,1,20,causal,XLF,0.023677783192234413,LGBMR,random,36,12
2019-11-01,1,20,causal,XLP,0.0323394414264145,LGBMR,random,36,12
2019-11-01,1,20,causal,XLY,0.016525292730942148,LGBMR,random,36,12
2019-11-01,1,20,causal,SPY,0.0,LGBMR,random,36,12
2019-11-01,1,20,causal,XLV,0.03201089590697708,LGBMR,random,36,12
2019-11-01,1,20,causal,XLU,0.04455541222145092,LGBMR,random,36,12
2019-11-01,1,20,causal,IYR,0.02871570201599585,LGBMR,random,36,12
2019-11-01,1,20,causal,VOX,0.020002546798901833,LGBMR,random,36,12
2019-12-02,1,20,causal,XLE,0.030185173533513257,LGBMR,random,36,12
2019-12-02,1,20,causal,XLB,0.018891100701001307,LGBMR,random,36,12
2019-12-02,1,20,causal,XLI,0.01798948655591757,LGBMR,random,36,12
2019-12-02,1,20,causal,XLK,0.02181780989974168,LGBMR,random,36,12
2019-12-02,1,20,causal,XLF,0.023644312443603037,LGBMR,random,36,12
2019-12-02,1,20,causal,XLP,0.02007620072972735,LGBMR,random,36,12
2019-12-02,1,20,causal,XLY,0.014520137781666458,LGBMR,random,36,12
2019-12-02,1,20,causal,SPY,0.0,LGBMR,random,36,12
2019-12-02,1,20,causal,XLV,0.03245452653527045,LGBMR,random,36,12
2019-12-02,1,20,causal,XLU,0.03906503421237678,LGBMR,random,36,12
2019-12-02,1,20,causal,IYR,0.030645477781264023,LGBMR,random,36,12
2019-12-02,1,20,causal,VOX,0.017988970378545487,LGBMR,random,36,12
2020-01-02,1,20,causal,XLE,0.030359196818312045,LGBMR,random,36,12
2020-01-02,1,20,causal,XLB,0.017907756881647308,LGBMR,random,36,12
2020-01-02,1,20,causal,XLI,0.01932564178392903,LGBMR,random,36,12
2020-01-02,1,20,causal,XLK,0.018376010202881703,LGBMR,random,36,12
2020-01-02,1,20,causal,XLF,0.022655277020901907,LGBMR,random,36,12
2020-01-02,1,20,causal,XLP,0.020051676071135484,LGBMR,random,36,12
2020-01-02,1,20,causal,XLY,0.014459931610638525,LGBMR,random,36,12
2020-01-02,1,20,causal,SPY,0.0,LGBMR,random,36,12
2020-01-02,1,20,causal,XLV,0.027381943977751462,LGBMR,random,36,12
2020-01-02,1,20,causal,XLU,0.038827527514669564,LGBMR,random,36,12
2020-01-02,1,20,causal,IYR,0.030714122515595754,LGBMR,random,36,12
2020-01-02,1,20,causal,VOX,0.016943768632418588,LGBMR,random,36,12
2019-10-03,1,20,causal,XLI,0.021924836213014824,XGBR,optuna,36,12
2019-10-03,1,20,causal,XLV,0.03235132269495636,XGBR,optuna,36,12
2019-10-03,1,20,causal,XLB,0.01998553477688039,XGBR,optuna,36,12
2019-10-03,1,20,causal,XLF,0.024793235577661103,XGBR,optuna,36,12
2019-10-03,1,20,causal,XLU,0.04461740180523852,XGBR,optuna,36,12
2019-10-03,1,20,causal,XLP,0.031735710368582894,XGBR,optuna,36,12
2019-10-03,1,20,causal,SPY,0.0,XGBR,optuna,36,12
2019-10-03,1,20,causal,XLK,0.02059617109674325,XGBR,optuna,36,12
2019-10-03,1,20,causal,VOX,0.018120588582365496,XGBR,optuna,36,12
2019-10-03,1,20,causal,XLE,0.03422461141158899,XGBR,optuna,36,12
2019-10-03,1,20,causal,IYR,0.03747936464500523,XGBR,optuna,36,12
2019-10-03,1,20,causal,XLY,0.015119277076207919,XGBR,optuna,36,12
2019-11-01,1,20,causal,XLK,0.02079973618109396,XGBR,optuna,36,12
2019-11-01,1,20,causal,XLI,0.021737171341380864,XGBR,optuna,36,12
2019-11-01,1,20,causal,XLY,0.016522419823643,XGBR,optuna,36,12
2019-11-01,1,20,causal,XLV,0.03269071468673902,XGBR,optuna,36,12
2019-11-01,1,20,causal,XLE,0.03487722268294224,XGBR,optuna,36,12
2019-11-01,1,20,causal,XLF,0.023622232703693753,XGBR,optuna,36,12
2019-11-01,1,20,causal,XLU,0.044984571128488915,XGBR,optuna,36,12
2019-11-01,1,20,causal,SPY,0.0,XGBR,optuna,36,12
2019-11-01,1,20,causal,XLP,0.032350022627433014,XGBR,optuna,36,12
2019-11-01,1,20,causal,XLB,0.01982984208168606,XGBR,optuna,36,12
2019-11-01,1,20,causal,VOX,0.018420228750013815,XGBR,optuna,36,12
2019-11-01,1,20,causal,IYR,0.03656899666616653,XGBR,optuna,36,12
2019-12-02,1,20,causal,XLI,0.018092409052778445,XGBR,optuna,36,12
2019-12-02,1,20,causal,XLF,0.023005082672911258,XGBR,optuna,36,12
2019-12-02,1,20,causal,XLE,0.03315166153023988,XGBR,optuna,36,12
2019-12-02,1,20,causal,XLY,0.014528811337219743,XGBR,optuna,36,12
2019-12-02,1,20,causal,XLP,0.020086859895107348,XGBR,optuna,36,12
2019-12-02,1,20,causal,XLK,0.021017761875227574,XGBR,optuna,36,12
2019-12-02,1,20,causal,XLB,0.021409502904603996,XGBR,optuna,36,12
2019-12-02,1,20,causal,IYR,0.0362028375120579,XGBR,optuna,36,12
2019-12-02,1,20,causal,XLV,0.03290104663402559,XGBR,optuna,36,12
2019-12-02,1,20,causal,XLU,0.03923385933065129,XGBR,optuna,36,12
2019-12-02,1,20,causal,SPY,0.0,XGBR,optuna,36,12
2019-12-02,1,20,causal,VOX,0.01807210623325617,XGBR,optuna,36,12
2020-01-02,1,20,causal,XLE,0.030331905906489542,XGBR,optuna,36,12
2020-01-02,1,20,causal,XLI,0.0193600746966598,XGBR,optuna,36,12
2020-01-02,1,20,causal,IYR,0.032485721721167225,XGBR,optuna,36,12
2020-01-02,1,20,causal,XLF,0.02289234535842001,XGBR,optuna,36,12
2020-01-02,1,20,causal,XLY,0.014459931596956046,XGBR,optuna,36,12
2020-01-02,1,20,causal,VOX,0.017185840806104243,XGBR,optuna,36,12
2020-01-02,1,20,causal,XLP,0.020024621004731413,XGBR,optuna,36,12
2020-01-02,1,20,causal,XLK,0.017777264802158882,XGBR,optuna,36,12
2020-01-02,1,20,causal,XLV,0.028274959231798194,XGBR,optuna,36,12
2020-01-02,1,20,causal,SPY,0.0,XGBR,optuna,36,12
2020-01-02,1,20,causal,XLB,0.017915503630558716,XGBR,optuna,36,12
2020-01-02,1,20,causal,XLU,0.038660855585375284,XGBR,optuna,36,12
2019-10-03,1,20,causal,XLE,0.03309383118406207,LGBMR,optuna,36,12
2019-10-03,1,20,causal,XLI,0.021560326760724224,LGBMR,optuna,36,12
2019-10-03,1,20,causal,XLB,0.01999408634105498,LGBMR,optuna,36,12
2019-10-03,1,20,causal,XLP,0.03160169744311554,LGBMR,optuna,36,12
2019-10-03,1,20,causal,XLF,0.025404653955163333,LGBMR,optuna,36,12
2019-10-03,1,20,causal,XLY,0.014888717946753977,LGBMR,optuna,36,12
2019-10-03,1,20,causal,XLK,0.02110954073929199,LGBMR,optuna,36,12
2019-10-03,1,20,causal,XLU,0.044080620128299844,LGBMR,optuna,36,12
2019-10-03,1,20,causal,SPY,0.0,LGBMR,optuna,36,12
2019-10-03,1,20,causal,VOX,0.018766911965792984,LGBMR,optuna,36,12
2019-10-03,1,20,causal,XLV,0.030648501854284093,LGBMR,optuna,36,12
2019-10-03,1,20,causal,IYR,0.030676131032222203,LGBMR,optuna,36,12
2019-11-01,1,20,causal,XLE,0.030173267430271516,LGBMR,optuna,36,12
2019-11-01,1,20,causal,XLB,0.019828224578415734,LGBMR,optuna,36,12
2019-11-01,1,20,causal,XLI,0.021284743896939066,LGBMR,optuna,36,12
2019-11-01,1,20,causal,XLK,0.0215264880517472,LGBMR,optuna,36,12
2019-11-01,1,20,causal,XLP,0.0323394414264145,LGBMR,optuna,36,12
2019-11-01,1,20,causal,XLF,0.023826768138312523,LGBMR,optuna,36,12
2019-11-01,1,20,causal,XLY,0.016525292730942148,LGBMR,optuna,36,12
2019-11-01,1,20,causal,VOX,0.018280311606152563,LGBMR,optuna,36,12
2019-11-01,1,20,causal,XLV,0.03197192738774976,LGBMR,optuna,36,12
2019-11-01,1,20,causal,SPY,0.0,LGBMR,optuna,36,12
2019-11-01,1,20,causal,IYR,0.03042092780861472,LGBMR,optuna,36,12
2019-11-01,1,20,causal,XLU,0.04440728428124535,LGBMR,optuna,36,12
2019-12-02,1,20,causal,XLE,0.02798811378029177,LGBMR,optuna,36,12
2019-12-02,1,20,causal,XLP,0.02007620072972735,LGBMR,optuna,36,12
2019-12-02,1,20,causal,XLI,0.017433373815981288,LGBMR,optuna,36,12
2019-12-02,1,20,causal,XLY,0.014520137781666458,LGBMR,optuna,36,12
2019-12-02,1,20,causal,XLK,0.021356452684877486,LGBMR,optuna,36,12
2019-12-02,1,20,causal,XLB,0.019400373859691834,LGBMR,optuna,36,12
2019-12-02,1,20,causal,XLV,0.03308821125610634,LGBMR,optuna,36,12
2019-12-02,1,20,causal,SPY,0.0,LGBMR,optuna,36,12
2019-12-02,1,20,causal,XLF,0.023023061767143544,LGBMR,optuna,36,12
2019-12-02,1,20,causal,VOX,0.017988970378545487,LGBMR,optuna,36,12
2019-12-02,1,20,causal,XLU,0.03915433790731273,LGBMR,optuna,36,12
2019-12-02,1,20,causal,IYR,0.030674149190747936,LGBMR,optuna,36,12
2020-01-02,1,20,causal,XLE,0.03330592798837128,LGBMR,optuna,36,12
2020-01-02,1,20,causal,XLB,0.018491253405968338,LGBMR,optuna,36,12
2020-01-02,1,20,causal,XLK,0.017954003040407392,LGBMR,optuna,36,12
2020-01-02,1,20,causal,XLI,0.01876815510254956,LGBMR,optuna,36,12
2020-01-02,1,20,causal,XLF,0.022884089743029863,LGBMR,optuna,36,12
2020-01-02,1,20,causal,XLY,0.014459931610638525,LGBMR,optuna,36,12
2020-01-02,1,20,causal,XLP,0.01980014865895837,LGBMR,optuna,36,12
2020-01-02,1,20,causal,SPY,0.0,LGBMR,optuna,36,12
2020-01-02,1,20,causal,XLV,0.026959248790731534,LGBMR,optuna,36,12
2020-01-02,1,20,causal,VOX,0.016943768632418588,LGBMR,optuna,36,12
2020-01-02,1,20,causal,XLU,0.039171343075086996,LGBMR,optuna,36,12
2020-01-02,1,20,causal,IYR,0.030717529777259705,LGBMR,optuna,36,12
2019-10-03,1,5,shap,SPY,0.0,XGBR,random,36,12
2019-10-03,1,5,shap,XLK,0.021320634342117523,XGBR,random,36,12
2019-10-03,1,5,shap,XLI,0.021973411592891907,XGBR,random,36,12
2019-10-03,1,5,shap,XLY,0.015108390277919506,XGBR,random,36,12
2019-10-03,1,5,shap,XLF,0.022309146031493258,XGBR,random,36,12
2019-10-03,1,5,shap,XLE,0.03337386206579897,XGBR,random,36,12
2019-10-03,1,5,shap,XLP,0.033390652876937515,XGBR,random,36,12
2019-10-03,1,5,shap,XLB,0.020361353790054798,XGBR,random,36,12
2019-10-03,1,5,shap,IYR,0.035204452764924433,XGBR,random,36,12
2019-10-03,1,5,shap,XLV,0.030882778953549447,XGBR,random,36,12
2019-10-03,1,5,shap,VOX,0.020320164120195675,XGBR,random,36,12
2019-10-03,1,5,shap,XLU,0.039922759909335505,XGBR,random,36,12
2019-11-01,1,5,shap,SPY,0.0,XGBR,random,36,12
2019-11-01,1,5,shap,XLK,0.023526364473017678,XGBR,random,36,12
2019-11-01,1,5,shap,XLI,0.021338429903999596,XGBR,random,36,12
2019-11-01,1,5,shap,XLY,0.016526656242001656,XGBR,random,36,12
2019-11-01,1,5,shap,XLB,0.019669685399236046,XGBR,random,36,12
2019-11-01,1,5,shap,XLE,0.02977782236179646,XGBR,random,36,12
2019-11-01,1,5,shap,XLF,0.023915534031587856,XGBR,random,36,12
2019-11-01,1,5,shap,XLV,0.0323012891537544,XGBR,random,36,12
2019-11-01,1,5,shap,IYR,0.034288524996411454,XGBR,random,36,12
2019-11-01,1,5,shap,XLP,0.03537707756055555,XGBR,random,36,12
2019-11-01,1,5,shap,VOX,0.019165943625093114,XGBR,random,36,12
2019-11-01,1,5,shap,XLU,0.041114101580543364,XGBR,random,36,12
2019-12-02,1,5,shap,SPY,0.0,XGBR,random,36,12
2019-12-02,1,5,shap,XLK,0.022015099202934107,XGBR,random,36,12
2019-12-02,1,5,shap,XLI,0.01878151093336385,XGBR,random,36,12
2019-12-02,1,5,shap,XLY,0.014443959404933817,XGBR,random,36,12
2019-12-02,1,5,shap,XLB,0.019239048931449444,XGBR,random,36,12
2019-12-02,1,5,shap,XLF,0.023182873741738504,XGBR,random,36,12
2019-12-02,1,5,shap,XLE,0.029820149973293957,XGBR,random,36,12
2019-12-02,1,5,shap,XLP,0.020050583680293114,XGBR,random,36,12
2019-12-02,1,5,shap,XLV,0.03153047837923307,XGBR,random,36,12
2019-12-02,1,5,shap,VOX,0.020493122554444285,XGBR,random,36,12
2019-12-02,1,5,shap,IYR,0.03734008833063021,XGBR,random,36,12
2019-12-02,1,5,shap,XLU,0.03831884058024097,XGBR,random,36,12
2020-01-02,1,5,shap,SPY,0.0,XGBR,random,36,12
2020-01-02,1,5,shap,XLK,0.01777316989980352,XGBR,random,36,12
2020-01-02,1,5,shap,XLI,0.0190029948613654,XGBR,random,36,12
2020-01-02,1,5,shap,XLB,0.017908227090654375,XGBR,random,36,12
2020-01-02,1,5,shap,XLY,0.014143778610878668,XGBR,random,36,12
2020-01-02,1,5,shap,XLF,0.021620324675407306,XGBR,random,36,12
2020-01-02,1,5,shap,XLE,0.030958485351865937,XGBR,random,36,12
2020-01-02,1,5,shap,XLP,0.020401394739299077,XGBR,random,36,12
2020-01-02,1,5,shap,XLV,0.02865961706760624,XGBR,random,36,12
2020-01-02,1,5,shap,IYR,0.030958365217161523,XGBR,random,36,12
2020-01-02,1,5,shap,VOX,0.020501403910160684,XGBR,random,36,12
2020-01-02,1,5,shap,XLU,0.038971951599444,XGBR,random,36,12
2019-10-03,1,5,shap,XLE,0.03088985527362719,LGBMR,random,36,12
2019-10-03,1,5,shap,XLB,0.020479396992446258,LGBMR,random,36,12
2019-10-03,1,5,shap,XLK,0.021408825436721828,LGBMR,random,36,12
2019-10-03,1,5,shap,XLI,0.021718725135689985,LGBMR,random,36,12
2019-10-03,1,5,shap,XLF,0.023301353389047194,LGBMR,random,36,12
2019-10-03,1,5,shap,XLP,0.036659290038408246,LGBMR,random,36,12
2019-10-03,1,5,shap,XLY,0.015027647399972055,LGBMR,random,36,12
2019-10-03,1,5,shap,SPY,0.0,LGBMR,random,36,12
2019-10-03,1,5,shap,XLV,0.02867579950898663,LGBMR,random,36,12
2019-10-03,1,5,shap,XLU,0.04235122701160038,LGBMR,random,36,12
2019-10-03,1,5,shap,IYR,0.035426168498357405,LGBMR,random,36,12
2019-10-03,1,5,shap,VOX,0.023003799110318048,LGBMR,random,36,12
2019-11-01,1,5,shap,XLE,0.03266292238560815,LGBMR,random,36,12
2019-11-01,1,5,shap,XLB,0.019828224578415734,LGBMR,random,36,12
2019-11-01,1,5,shap,XLK,0.021531849293479108,LGBMR,random,36,12
2019-11-01,1,5,shap,XLI,0.021717760378066733,LGBMR,random,36,12
2019-11-01,1,5,shap,XLF,0.022989382772509784,LGBMR,random,36,12
2019-11-01,1,5,shap,XLP,0.035211315409081574,LGBMR,random,36,12
2019-11-01,1,5,shap,XLY,0.01613724046963678,LGBMR,random,36,12
2019-11-01,1,5,shap,SPY,0.0,LGBMR,random,36,12
2019-11-01,1,5,shap,XLV,0.030337101574592348,LGBMR,random,36,12
2019-11-01,1,5,shap,XLU,0.04208448154734617,LGBMR,random,36,12
2019-11-01,1,5,shap,IYR,0.03463156323062404,LGBMR,random,36,12
2019-11-01,1,5,shap,VOX,0.020654157253625578,LGBMR,random,36,12
2019-12-02,1,5,shap,XLE,0.029828653639513546,LGBMR,random,36,12
2019-12-02,1,5,shap,XLB,0.018891100701001307,LGBMR,random,36,12
2019-12-02,1,5,shap,XLK,0.021226120960648784,LGBMR,random,36,12
2019-12-02,1,5,shap,XLI,0.01773512547125718,LGBMR,random,36,12
2019-12-02,1,5,shap,XLF,0.023562519054447638,LGBMR,random,36,12
2019-12-02,1,5,shap,XLP,0.02007620072972735,LGBMR,random,36,12
2019-12-02,1,5,shap,XLY,0.013990874456007791,LGBMR,random,36,12
2019-12-02,1,5,shap,SPY,0.0,LGBMR,random,36,12
2019-12-02,1,5,shap,XLV,0.030820308774551154,LGBMR,random,36,12
2019-12-02,1,5,shap,XLU,0.03853348717038614,LGBMR,random,36,12
2019-12-02,1,5,shap,IYR,0.03671371989880475,LGBMR,random,36,12
2019-12-02,1,5,shap,VOX,0.019881169501986432,LGBMR,random,36,12
2020-01-02,1,5,shap,XLE,0.03203431388693189,LGBMR,random,36,12
2020-01-02,1,5,shap,XLB,0.018293282470118615,LGBMR,random,36,12
2020-01-02,1,5,shap,XLK,0.017625072859450766,LGBMR,random,36,12
2020-01-02,1,5,shap,XLI,0.01942957057096327,LGBMR,random,36,12
2020-01-02,1,5,shap,XLF,0.02147200385818667,LGBMR,random,36,12
2020-01-02,1,5,shap,XLP,0.020051676071135484,LGBMR,random,36,12
2020-01-02,1,5,shap,XLY,0.013934844891711947,LGBMR,random,36,12
2020-01-02,1,5,shap,XLV,0.026547574910333528,LGBMR,random,36,12
2020-01-02,1,5,shap,SPY,0.0,LGBMR,random,36,12
2020-01-02,1,5,shap,IYR,0.03392701807354034,LGBMR,random,36,12
2020-01-02,1,5,shap,VOX,0.023014013440416238,LGBMR,random,36,12
2020-01-02,1,5,shap,XLU,0.03971304176202126,LGBMR,random,36,12
2019-10-03,1,5,shap,XLE,0.03425462414918923,XGBR,optuna,36,12
2019-10-03,1,5,shap,XLF,0.024813159487910737,XGBR,optuna,36,12
2019-10-03,1,5,shap,XLK,0.020600300108563386,XGBR,optuna,36,12
2019-10-03,1,5,shap,XLB,0.01998716986674348,XGBR,optuna,36,12
2019-10-03,1,5,shap,XLP,0.03173450308972344,XGBR,optuna,36,12
2019-10-03,1,5,shap,IYR,0.0322316647981847,XGBR,optuna,36,12
2019-10-03,1,5,shap,XLY,0.015138302176918425,XGBR,optuna,36,12
2019-10-03,1,5,shap,XLI,0.02192300944176391,XGBR,optuna,36,12
2019-10-03,1,5,shap,XLV,0.032365598754047264,XGBR,optuna,36,12
2019-10-03,1,5,shap,VOX,0.01805861523211881,XGBR,optuna,36,12
2019-10-03,1,5,shap,XLU,0.042160184701030466,XGBR,optuna,36,12
2019-10-03,1,5,shap,SPY,0.0,XGBR,optuna,36,12
2019-11-01,1,5,shap,XLE,0.03479502791027001,XGBR,optuna,36,12
2019-11-01,1,5,shap,XLK,0.02079684194788628,XGBR,optuna,36,12
2019-11-01,1,5,shap,XLF,0.023617687330568467,XGBR,optuna,36,12
2019-11-01,1,5,shap,XLB,0.019833467865560145,XGBR,optuna,36,12
2019-11-01,1,5,shap,XLP,0.03257210978503876,XGBR,optuna,36,12
2019-11-01,1,5,shap,XLI,0.02174397879291948,XGBR,optuna,36,12
2019-11-01,1,5,shap,XLV,0.032672017635722576,XGBR,optuna,36,12
2019-11-01,1,5,shap,XLY,0.01654453277317185,XGBR,optuna,36,12
2019-11-01,1,5,shap,IYR,0.03648522327007301,XGBR,optuna,36,12
2019-11-01,1,5,shap,VOX,0.01844007706286808,XGBR,optuna,36,12
2019-11-01,1,5,shap,SPY,0.0,XGBR,optuna,36,12
2019-11-01,1,5,shap,XLU,0.04164536523155101,XGBR,optuna,36,12
2019-12-02,1,5,shap,XLE,0.03309611914066287,XGBR,optuna,36,12
2019-12-02,1,5,shap,XLB,0.018892192480794098,XGBR,optuna,36,12
2019-12-02,1,5,shap,XLV,0.03288984230182778,XGBR,optuna,36,12
2019-12-02,1,5,shap,XLK,0.020792903889907063,XGBR,optuna,36,12
2019-12-02,1,5,shap,XLI,0.018092409052778445,XGBR,optuna,36,12
2019-12-02,1,5,shap,XLF,0.023127274788504827,XGBR,optuna,36,12
2019-12-02,1,5,shap,XLP,0.02008548270016871,XGBR,optuna,36,12
2019-12-02,1,5,shap,XLY,0.014520137762489513,XGBR,optuna,36,12
2019-12-02,1,5,shap,SPY,0.0,XGBR,optuna,36,12
2019-12-02,1,5,shap,XLU,0.03809577640189219,XGBR,optuna,36,12
2019-12-02,1,5,shap,VOX,0.018061130982317354,XGBR,optuna,36,12
2019-12-02,1,5,shap,IYR,0.036213996848990036,XGBR,optuna,36,12
2020-01-02,1,5,shap,XLE,0.03360419170363301,XGBR,optuna,36,12
2020-01-02,1,5,shap,XLK,0.017811601425259723,XGBR,optuna,36,12
2020-01-02,1,5,shap,XLF,0.022897660237713703,XGBR,optuna,36,12
2020-01-02,1,5,shap,XLI,0.0193600746966598,XGBR,optuna,36,12
2020-01-02,1,5,shap,XLB,0.017913115457406675,XGBR,optuna,36,12
2020-01-02,1,5,shap,XLP,0.020035858911270778,XGBR,optuna,36,12
2020-01-02,1,5,shap,IYR,0.035575809402697264,XGBR,optuna,36,12
2020-01-02,1,5,shap,VOX,0.01709579795680425,XGBR,optuna,36,12
2020-01-02,1,5,shap,SPY,0.0,XGBR,optuna,36,12
2020-01-02,1,5,shap,XLV,0.028244338750144826,XGBR,optuna,36,12
2020-01-02,1,5,shap,XLU,0.03863156834229683,XGBR,optuna,36,12
2020-01-02,1,5,shap,XLY,0.014459931596956046,XGBR,optuna,36,12
2019-10-03,1,5,shap,XLE,0.03344030418288577,LGBMR,optuna,36,12
2019-10-03,1,5,shap,XLI,0.02134915069656072,LGBMR,optuna,36,12
2019-10-03,1,5,shap,XLB,0.020585666300558702,LGBMR,optuna,36,12
2019-10-03,1,5,shap,XLK,0.02146145742951998,LGBMR,optuna,36,12
2019-10-03,1,5,shap,XLF,0.02341816590258384,LGBMR,optuna,36,12
2019-10-03,1,5,shap,XLY,0.014999371681862597,LGBMR,optuna,36,12
2019-10-03,1,5,shap,XLP,0.035057185961959864,LGBMR,optuna,36,12
2019-10-03,1,5,shap,SPY,0.0,LGBMR,optuna,36,12
2019-10-03,1,5,shap,XLU,0.04407861821226542,LGBMR,optuna,36,12
2019-10-03,1,5,shap,XLV,0.029946317897974046,LGBMR,optuna,36,12
2019-10-03,1,5,shap,VOX,0.022700634106887177,LGBMR,optuna,36,12
2019-10-03,1,5,shap,IYR,0.03543116960030679,LGBMR,optuna,36,12
2019-11-01,1,5,shap,XLB,0.019828224578415734,LGBMR,optuna,36,12
2019-11-01,1,5,shap,XLK,0.021425748755454815,LGBMR,optuna,36,12
2019-11-01,1,5,shap,XLE,0.0324860866734768,LGBMR,optuna,36,12
2019-11-01,1,5,shap,XLF,0.023351968754257407,LGBMR,optuna,36,12
2019-11-01,1,5,shap,XLI,0.021982777355042542,LGBMR,optuna,36,12
2019-11-01,1,5,shap,XLV,0.030927082696794124,LGBMR,optuna,36,12
2019-11-01,1,5,shap,XLY,0.01589105995069155,LGBMR,optuna,36,12
2019-11-01,1,5,shap,XLP,0.03510786975360339,LGBMR,optuna,36,12
2019-11-01,1,5,shap,SPY,0.0,LGBMR,optuna,36,12
2019-11-01,1,5,shap,VOX,0.02053499148351619,LGBMR,optuna,36,12
2019-11-01,1,5,shap,IYR,0.03511753187472018,LGBMR,optuna,36,12
2019-11-01,1,5,shap,XLU,0.04439619926667642,LGBMR,optuna,36,12
2019-12-02,1,5,shap,XLE,0.02807367147792083,LGBMR,optuna,36,12
2019-12-02,1,5,shap,XLK,0.02102246658080339,LGBMR,optuna,36,12
2019-12-02,1,5,shap,XLI,0.018246046568749875,LGBMR,optuna,36,12
2019-12-02,1,5,shap,XLB,0.018891100701001307,LGBMR,optuna,36,12
2019-12-02,1,5,shap,XLF,0.023552345807581965,LGBMR,optuna,36,12
2019-12-02,1,5,shap,XLY,0.014520137781666458,LGBMR,optuna,36,12
2019-12-02,1,5,shap,XLP,0.02007620072972735,LGBMR,optuna,36,12
2019-12-02,1,5,shap,SPY,0.0,LGBMR,optuna,36,12
2019-12-02,1,5,shap,XLV,0.03131924142422469,LGBMR,optuna,36,12
2019-12-02,1,5,shap,VOX,0.020446659187752462,LGBMR,optuna,36,12
2019-12-02,1,5,shap,XLU,0.03915594541928396,LGBMR,optuna,36,12
2019-12-02,1,5,shap,IYR,0.03669331829831085,LGBMR,optuna,36,12
2020-01-02,1,5,shap,XLE,0.03315088370252665,LGBMR,optuna,36,12
2020-01-02,1,5,shap,XLF,0.021539479905061738,LGBMR,optuna,36,12
2020-01-02,1,5,shap,XLP,0.019520054145564125,LGBMR,optuna,36,12
2020-01-02,1,5,shap,XLY,0.014459931610638525,LGBMR,optuna,36,12
2020-01-02,1,5,shap,XLI,0.019190739405312303,LGBMR,optuna,36,12
2020-01-02,1,5,shap,XLK,0.018048777823968864,LGBMR,optuna,36,12
2020-01-02,1,5,shap,XLB,0.01870319221160753,LGBMR,optuna,36,12
2020-01-02,1,5,shap,XLV,0.02643841528763869,LGBMR,optuna,36,12
2020-01-02,1,5,shap,SPY,0.0,LGBMR,optuna,36,12
2020-01-02,1,5,shap,IYR,0.03381319106420645,LGBMR,optuna,36,12
2020-01-02,1,5,shap,XLU,0.04288001634890849,LGBMR,optuna,36,12
2020-01-02,1,5,shap,VOX,0.023191739496688322,LGBMR,optuna,36,12
2019-10-03,1,5,causal,SPY,0.0,XGBR,random,36,12
2019-10-03,1,5,causal,XLK,0.021441402862334813,XGBR,random,36,12
2019-10-03,1,5,causal,XLI,0.021218411140091546,XGBR,random,36,12
2019-10-03,1,5,causal,XLB,0.020149374386409763,XGBR,random,36,12
2019-10-03,1,5,causal,XLE,0.032409288081095756,XGBR,random,36,12
2019-10-03,1,5,causal,XLP,0.031181092961723028,XGBR,random,36,12
2019-10-03,1,5,causal,XLY,0.015108390277919506,XGBR,random,36,12
2019-10-03,1,5,causal,XLF,0.024353363789971234,XGBR,random,36,12
2019-10-03,1,5,causal,XLV,0.030369198178459855,XGBR,random,36,12
2019-10-03,1,5,causal,XLU,0.04463051090385167,XGBR,random,36,12
2019-10-03,1,5,causal,VOX,0.017208792041140862,XGBR,random,36,12
2019-10-03,1,5,causal,IYR,0.034831394740038546,XGBR,random,36,12
2019-11-01,1,5,causal,SPY,0.0,XGBR,random,36,12
2019-11-01,1,5,causal,XLK,0.020354378972684793,XGBR,random,36,12
2019-11-01,1,5,causal,XLI,0.02041558673152989,XGBR,random,36,12
2019-11-01,1,5,causal,XLB,0.019217439956453915,XGBR,random,36,12
2019-11-01,1,5,causal,XLY,0.016526656242001656,XGBR,random,36,12
2019-11-01,1,5,causal,XLF,0.023364148131161184,XGBR,random,36,12
2019-11-01,1,5,causal,XLE,0.034575358087250936,XGBR,random,36,12
2019-11-01,1,5,causal,XLP,0.03194953798187083,XGBR,random,36,12
2019-11-01,1,5,causal,XLV,0.030880926259223274,XGBR,random,36,12
2019-11-01,1,5,causal,XLU,0.04477945929325428,XGBR,random,36,12
2019-11-01,1,5,causal,VOX,0.0175989554107623,XGBR,random,36,12
2019-11-01,1,5,causal,IYR,0.0348746148327523,XGBR,random,36,12
2019-12-02,1,5,causal,SPY,0.0,XGBR,random,36,12
2019-12-02,1,5,causal,XLK,0.021229211770818577,XGBR,random,36,12
2019-12-02,1,5,causal,XLY,0.014447367710643953,XGBR,random,36,12
2019-12-02,1,5,causal,XLI,0.017506154390502206,XGBR,random,36,12
2019-12-02,1,5,causal,XLE,0.032034640180946275,XGBR,random,36,12
2019-12-02,1,5,causal,XLF,0.022819453858361052,XGBR,random,36,12
2019-12-02,1,5,causal,XLB,0.018845936781288705,XGBR,random,36,12
2019-12-02,1,5,causal,XLP,0.020077814651963576,XGBR,random,36,12
2019-12-02,1,5,causal,XLV,0.03302528392842188,XGBR,random,36,12
2019-12-02,1,5,causal,XLU,0.03723347428153928,XGBR,random,36,12
2019-12-02,1,5,causal,VOX,0.018718528551343108,XGBR,random,36,12
2019-12-02,1,5,causal,IYR,0.033138300343492286,XGBR,random,36,12
2020-01-02,1,5,causal,SPY,0.0,XGBR,random,36,12
2020-01-02,1,5,causal,XLK,0.01652709826259158,XGBR,random,36,12
2020-01-02,1,5,causal,XLI,0.019147544678741125,XGBR,random,36,12
2020-01-02,1,5,causal,XLY,0.0143678312928568,XGBR,random,36,12
2020-01-02,1,5,causal,XLE,0.03332491861053617,XGBR,random,36,12
2020-01-02,1,5,causal,XLF,0.022885280026944697,XGBR,random,36,12
2020-01-02,1,5,causal,XLV,0.02724188405886261,XGBR,random,36,12
2020-01-02,1,5,causal,XLP,0.019415544287787415,XGBR,random,36,12
2020-01-02,1,5,causal,XLB,0.0180654228690876,XGBR,random,36,12
2020-01-02,1,5,causal,XLU,0.042021565089825366,XGBR,random,36,12
2020-01-02,1,5,causal,IYR,0.034135021538743454,XGBR,random,36,12
2020-01-02,1,5,causal,VOX,0.01639215926443393,XGBR,random,36,12
2019-10-03,1,5,causal,XLE,0.03149399887564065,LGBMR,random,36,12
2019-10-03,1,5,causal,XLB,0.019991864011320082,LGBMR,random,36,12
2019-10-03,1,5,causal,XLI,0.02028753298340133,LGBMR,random,36,12
2019-10-03,1,5,causal,XLK,0.02064258629771338,LGBMR,random,36,12
2019-10-03,1,5,causal,XLF,0.02522601099592823,LGBMR,random,36,12
2019-10-03,1,5,causal,XLP,0.030192357144070817,LGBMR,random,36,12
2019-10-03,1,5,causal,SPY,0.0,LGBMR,random,36,12
2019-10-03,1,5,causal,XLY,0.015106645975508879,LGBMR,random,36,12
2019-10-03,1,5,causal,XLV,0.03301244286066128,LGBMR,random,36,12
2019-10-03,1,5,causal,XLU,0.04409816301680921,LGBMR,random,36,12
2019-10-03,1,5,causal,IYR,0.03175935391466232,LGBMR,random,36,12
2019-10-03,1,5,causal,VOX,0.019102224392313516,LGBMR,random,36,12
2019-11-01,1,5,causal,XLE,0.029907688159851748,LGBMR,random,36,12
2019-11-01,1,5,causal,XLB,0.019828224578415734,LGBMR,random,36,12
2019-11-01,1,5,causal,XLK,0.020118063555209502,LGBMR,random,36,12
2019-11-01,1,5,causal,XLI,0.01978789018090267,LGBMR,random,36,12
2019-11-01,1,5,causal,XLF,0.023667089011051853,LGBMR,random,36,12
2019-11-01,1,5,causal,XLP,0.03077069460815706,LGBMR,random,36,12
2019-11-01,1,5,causal,XLY,0.015938084967240446,LGBMR,random,36,12
2019-11-01,1,5,causal,SPY,0.0,LGBMR,random,36,12
2019-11-01,1,5,causal,XLV,0.031190392620060358,LGBMR,random,36,12
2019-11-01,1,5,causal,XLU,0.04297546591246628,LGBMR,random,36,12
2019-11-01,1,5,causal,IYR,0.029691310738535814,LGBMR,random,36,12
2019-11-01,1,5,causal,VOX,0.020157120333305755,LGBMR,random,36,12
2019-12-02,1,5,causal,XLE,0.027760600565096168,LGBMR,random,36,12
2019-12-02,1,5,causal,XLI,0.01744061137605988,LGBMR,random,36,12
2019-12-02,1,5,causal,XLF,0.022859447811628696,LGBMR,random,36,12
2019-12-02,1,5,causal,XLB,0.018442961967630893,LGBMR,random,36,12
2019-12-02,1,5,causal,XLK,0.020511900886265425,LGBMR,random,36,12
2019-12-02,1,5,causal,XLP,0.02007620072972735,LGBMR,random,36,12
2019-12-02,1,5,causal,XLY,0.014520137781666458,LGBMR,random,36,12
2019-12-02,1,5,causal,SPY,0.0,LGBMR,random,36,12
2019-12-02,1,5,causal,XLV,0.03346882333266941,LGBMR,random,36,12
2019-12-02,1,5,causal,IYR,0.031322167037132934,LGBMR,random,36,12
2019-12-02,1,5,causal,XLU,0.037533507675623495,LGBMR,random,36,12
2019-12-02,1,5,causal,VOX,0.01872029960541813,LGBMR,random,36,12
2020-01-02,1,5,causal,XLE,0.03166275290467539,LGBMR,random,36,12
2020-01-02,1,5,causal,XLB,0.017907756881647308,LGBMR,random,36,12
2020-01-02,1,5,causal,XLI,0.01884072916232882,LGBMR,random,36,12
2020-01-02,1,5,causal,XLK,0.016885652511019485,LGBMR,random,36,12
2020-01-02,1,5,causal,XLF,0.022918436042077158,LGBMR,random,36,12
2020-01-02,1,5,causal,XLP,0.01803162604152667,LGBMR,random,36,12
2020-01-02,1,5,causal,XLY,0.014459931610638525,LGBMR,random,36,12
2020-01-02,1,5,causal,SPY,0.0,LGBMR,random,36,12
2020-01-02,1,5,causal,XLV,0.028987266855653802,LGBMR,random,36,12
2020-01-02,1,5,causal,XLU,0.03920668559397579,LGBMR,random,36,12
2020-01-02,1,5,causal,IYR,0.03204696580156622,LGBMR,random,36,12
2020-01-02,1,5,causal,VOX,0.016679931644134487,LGBMR,random,36,12
2019-10-03,1,5,causal,XLE,0.034396343123158826,XGBR,optuna,36,12
2019-10-03,1,5,causal,XLK,0.021046291915273786,XGBR,optuna,36,12
2019-10-03,1,5,causal,XLV,0.03236537484447754,XGBR,optuna,36,12
2019-10-03,1,5,causal,XLI,0.02192300944176391,XGBR,optuna,36,12
2019-10-03,1,5,causal,XLF,0.02478053669203089,XGBR,optuna,36,12
2019-10-03,1,5,causal,XLB,0.019985939215316367,XGBR,optuna,36,12
2019-10-03,1,5,causal,XLP,0.031865517567211524,XGBR,optuna,36,12
2019-10-03,1,5,causal,XLY,0.015107132178073355,XGBR,optuna,36,12
2019-10-03,1,5,causal,SPY,0.0,XGBR,optuna,36,12
2019-10-03,1,5,causal,VOX,0.018137729369118716,XGBR,optuna,36,12
2019-10-03,1,5,causal,XLU,0.04443508322254622,XGBR,optuna,36,12
2019-10-03,1,5,causal,IYR,0.03383311067177686,XGBR,optuna,36,12
2019-11-01,1,5,causal,XLI,0.021752102649333666,XGBR,optuna,36,12
2019-11-01,1,5,causal,XLK,0.020804821272018863,XGBR,optuna,36,12
2019-11-01,1,5,causal,XLP,0.032409270239387916,XGBR,optuna,36,12
2019-11-01,1,5,causal,XLB,0.01982979031635063,XGBR,optuna,36,12
2019-11-01,1,5,causal,XLE,0.03468131924566012,XGBR,optuna,36,12
2019-11-01,1,5,causal,XLF,0.02957628331857811,XGBR,optuna,36,12
2019-11-01,1,5,causal,XLY,0.01652529275406701,XGBR,optuna,36,12
2019-11-01,1,5,causal,XLV,0.03160420590647399,XGBR,optuna,36,12
2019-11-01,1,5,causal,XLU,0.04427472429049166,XGBR,optuna,36,12
2019-11-01,1,5,causal,SPY,0.0,XGBR,optuna,36,12
2019-11-01,1,5,causal,VOX,0.02022921948086495,XGBR,optuna,36,12
2019-11-01,1,5,causal,IYR,0.03306080598205394,XGBR,optuna,36,12
2019-12-02,1,5,causal,XLI,0.018092409052778445,XGBR,optuna,36,12
2019-12-02,1,5,causal,XLF,0.023005175063105208,XGBR,optuna,36,12
2019-12-02,1,5,causal,XLB,0.018918057930380146,XGBR,optuna,36,12
2019-12-02,1,5,causal,XLE,0.03327392229239444,XGBR,optuna,36,12
2019-12-02,1,5,causal,XLP,0.02011421133046557,XGBR,optuna,36,12
2019-12-02,1,5,causal,XLK,0.020790572049012013,XGBR,optuna,36,12
2019-12-02,1,5,causal,SPY,0.0,XGBR,optuna,36,12
2019-12-02,1,5,causal,VOX,0.01810016299666069,XGBR,optuna,36,12
2019-12-02,1,5,causal,XLU,0.039154523170015575,XGBR,optuna,36,12
2019-12-02,1,5,causal,XLV,0.03289261804126403,XGBR,optuna,36,12
2019-12-02,1,5,causal,XLY,0.014486309211453397,XGBR,optuna,36,12
2019-12-02,1,5,causal,IYR,0.03457617780300694,XGBR,optuna,36,12
2020-01-02,1,5,causal,XLF,0.02290174728252853,XGBR,optuna,36,12
2020-01-02,1,5,causal,XLE,0.03362276525537604,XGBR,optuna,36,12
2020-01-02,1,5,causal,XLB,0.01792678195374034,XGBR,optuna,36,12
2020-01-02,1,5,causal,XLI,0.0193600746966598,XGBR,optuna,36,12
2020-01-02,1,5,causal,XLP,0.020023920900160492,XGBR,optuna,36,12
2020-01-02,1,5,causal,XLK,0.01784569705452411,XGBR,optuna,36,12
2020-01-02,1,5,causal,XLV,0.028602156691121407,XGBR,optuna,36,12
2020-01-02,1,5,causal,XLY,0.014459931596956046,XGBR,optuna,36,12
2020-01-02,1,5,causal,SPY,0.0,XGBR,optuna,36,12
2020-01-02,1,5,causal,IYR,0.03557013755362847,XGBR,optuna,36,12
2020-01-02,1,5,causal,XLU,0.03826069294296368,XGBR,optuna,36,12
2020-01-02,1,5,causal,VOX,0.01707430575671408,XGBR,optuna,36,12
2019-10-03,1,5,causal,XLE,0.032885412193997286,LGBMR,optuna,36,12
2019-10-03,1,5,causal,XLK,0.020780447416400904,LGBMR,optuna,36,12
2019-10-03,1,5,causal,XLB,0.019991864011320082,LGBMR,optuna,36,12
2019-10-03,1,5,causal,XLI,0.020440061453139362,LGBMR,optuna,36,12
2019-10-03,1,5,causal,XLF,0.02478644719418878,LGBMR,optuna,36,12
2019-10-03,1,5,causal,XLP,0.0282590766904121,LGBMR,optuna,36,12
2019-10-03,1,5,causal,XLY,0.015043684718178393,LGBMR,optuna,36,12
2019-10-03,1,5,causal,SPY,0.0,LGBMR,optuna,36,12
2019-10-03,1,5,causal,XLU,0.04409816301680921,LGBMR,optuna,36,12
2019-10-03,1,5,causal,XLV,0.03238603809751583,LGBMR,optuna,36,12
2019-10-03,1,5,causal,IYR,0.02937798320528692,LGBMR,optuna,36,12
2019-10-03,1,5,causal,VOX,0.022499043223855795,LGBMR,optuna,36,12
2019-11-01,1,5,causal,XLE,0.03055114941924968,LGBMR,optuna,36,12
2019-11-01,1,5,causal,XLB,0.019828224578415734,LGBMR,optuna,36,12
2019-11-01,1,5,causal,XLF,0.023803527804547562,LGBMR,optuna,36,12
2019-11-01,1,5,causal,XLP,0.029276189803328457,LGBMR,optuna,36,12
2019-11-01,1,5,causal,XLK,0.020366432028931673,LGBMR,optuna,36,12
2019-11-01,1,5,causal,XLY,0.016525292730942148,LGBMR,optuna,36,12
2019-11-01,1,5,causal,XLV,0.0301952925447415,LGBMR,optuna,36,12
2019-11-01,1,5,causal,XLI,0.019853857387918047,LGBMR,optuna,36,12
2019-11-01,1,5,causal,XLU,0.04441934023672927,LGBMR,optuna,36,12
2019-11-01,1,5,causal,SPY,0.0,LGBMR,optuna,36,12
2019-11-01,1,5,causal,IYR,0.029196327947597703,LGBMR,optuna,36,12
2019-11-01,1,5,causal,VOX,0.018280311606152563,LGBMR,optuna,36,12
2019-12-02,1,5,causal,XLE,0.02819439820564027,LGBMR,optuna,36,12
2019-12-02,1,5,causal,XLB,0.018891100701001307,LGBMR,optuna,36,12
2019-12-02,1,5,causal,XLF,0.022876830325225132,LGBMR,optuna,36,12
2019-12-02,1,5,causal,XLY,0.014520137781666458,LGBMR,optuna,36,12
2019-12-02,1,5,causal,XLI,0.017209789217119454,LGBMR,optuna,36,12
2019-12-02,1,5,causal,XLK,0.020577247498281784,LGBMR,optuna,36,12
2019-12-02,1,5,causal,XLP,0.02007620072972735,LGBMR,optuna,36,12
2019-12-02,1,5,causal,IYR,0.03191816370240687,LGBMR,optuna,36,12
2019-12-02,1,5,causal,XLU,0.03911982904400128,LGBMR,optuna,36,12
2019-12-02,1,5,causal,XLV,0.033851299769332044,LGBMR,optuna,36,12
2019-12-02,1,5,causal,SPY,0.0,LGBMR,optuna,36,12
2019-12-02,1,5,causal,VOX,0.020693473308920445,LGBMR,optuna,36,12
2020-01-02,1,5,causal,XLE,0.033345208359897155,LGBMR,optuna,36,12
2020-01-02,1,5,causal,XLK,0.01696822502139079,LGBMR,optuna,36,12
2020-01-02,1,5,causal,XLB,0.017907756881647308,LGBMR,optuna,36,12
2020-01-02,1,5,causal,XLP,0.018949933255661598,LGBMR,optuna,36,12
2020-01-02,1,5,causal,XLF,0.022884089743029863,LGBMR,optuna,36,12
2020-01-02,1,5,causal,XLI,0.01863126840533095,LGBMR,optuna,36,12
2020-01-02,1,5,causal,XLV,0.027077250986473088,LGBMR,optuna,36,12
2020-01-02,1,5,causal,XLY,0.014390726269920648,LGBMR,optuna,36,12
2020-01-02,1,5,causal,SPY,0.0,LGBMR,optuna,36,12
2020-01-02,1,5,causal,XLU,0.039178568941826995,LGBMR,optuna,36,12
2020-01-02,1,5,causal,VOX,0.016943768632418588,LGBMR,optuna,36,12
2020-01-02,1,5,causal,IYR,0.029918411499974065,LGBMR,optuna,36,12
